<?xml version="1.0"?>
<!DOCTYPE feature_vector_file [
   <!ELEMENT feature_vector_file (comments, data_set+)>
   <!ELEMENT comments (#PCDATA)>
   <!ELEMENT data_set (data_set_id, section*, feature*)>
   <!ELEMENT data_set_id (#PCDATA)>
   <!ELEMENT section (feature+)>
   <!ATTLIST section start CDATA ""
                     stop CDATA "">
   <!ELEMENT feature (name, v+)>
   <!ELEMENT name (#PCDATA)>
   <!ELEMENT v (#PCDATA)>
]>

<feature_vector_file>

   <comments></comments>

	<data_set>
		<data_set_id>C:\Users\Cory\Desktop\jSymbolicTutorialWorkingFiles\01_Comparing_Two_Files\Josquin - Ave Maria Virgo serena.mid</data_set_id>
		<feature>
			<name>Basic Pitch Histogram</name>
			<v>0E0</v>
			<v>0E0</v>
			<v>0E0</v>
			<v>0E0</v>
			<v>0E0</v>
			<v>0E0</v>
			<v>0E0</v>
			<v>0E0</v>
			<v>0E0</v>
			<v>0E0</v>
			<v>0E0</v>
			<v>0E0</v>
			<v>0E0</v>
			<v>0E0</v>
			<v>0E0</v>
			<v>0E0</v>
			<v>0E0</v>
			<v>0E0</v>
			<v>0E0</v>
			<v>0E0</v>
			<v>0E0</v>
			<v>0E0</v>
			<v>0E0</v>
			<v>0E0</v>
			<v>0E0</v>
			<v>0E0</v>
			<v>0E0</v>
			<v>0E0</v>
			<v>0E0</v>
			<v>0E0</v>
			<v>0E0</v>
			<v>0E0</v>
			<v>0E0</v>
			<v>0E0</v>
			<v>0E0</v>
			<v>0E0</v>
			<v>0E0</v>
			<v>0E0</v>
			<v>0E0</v>
			<v>0E0</v>
			<v>0E0</v>
			<v>0E0</v>
			<v>0E0</v>
			<v>3.036E-3</v>
			<v>0E0</v>
			<v>4.049E-3</v>
			<v>0E0</v>
			<v>5.061E-3</v>
			<v>4.555E-2</v>
			<v>0E0</v>
			<v>1.417E-2</v>
			<v>0E0</v>
			<v>2.733E-2</v>
			<v>3.543E-2</v>
			<v>3.036E-3</v>
			<v>8.401E-2</v>
			<v>0E0</v>
			<v>5.061E-2</v>
			<v>1.012E-3</v>
			<v>6.174E-2</v>
			<v>1.366E-1</v>
			<v>0E0</v>
			<v>8.401E-2</v>
			<v>0E0</v>
			<v>7.895E-2</v>
			<v>5.061E-2</v>
			<v>2.024E-3</v>
			<v>9.615E-2</v>
			<v>0E0</v>
			<v>3.745E-2</v>
			<v>0E0</v>
			<v>4.251E-2</v>
			<v>6.174E-2</v>
			<v>0E0</v>
			<v>3.947E-2</v>
			<v>0E0</v>
			<v>3.138E-2</v>
			<v>4.049E-3</v>
			<v>0E0</v>
			<v>0E0</v>
			<v>0E0</v>
			<v>0E0</v>
			<v>0E0</v>
			<v>0E0</v>
			<v>0E0</v>
			<v>0E0</v>
			<v>0E0</v>
			<v>0E0</v>
			<v>0E0</v>
			<v>0E0</v>
			<v>0E0</v>
			<v>0E0</v>
			<v>0E0</v>
			<v>0E0</v>
			<v>0E0</v>
			<v>0E0</v>
			<v>0E0</v>
			<v>0E0</v>
			<v>0E0</v>
			<v>0E0</v>
			<v>0E0</v>
			<v>0E0</v>
			<v>0E0</v>
			<v>0E0</v>
			<v>0E0</v>
			<v>0E0</v>
			<v>0E0</v>
			<v>0E0</v>
			<v>0E0</v>
			<v>0E0</v>
			<v>0E0</v>
			<v>0E0</v>
			<v>0E0</v>
			<v>0E0</v>
			<v>0E0</v>
			<v>0E0</v>
			<v>0E0</v>
			<v>0E0</v>
			<v>0E0</v>
			<v>0E0</v>
			<v>0E0</v>
			<v>0E0</v>
			<v>0E0</v>
			<v>0E0</v>
			<v>0E0</v>
			<v>0E0</v>
			<v>0E0</v>
			<v>0E0</v>
		</feature>
		<feature>
			<name>Pitch Class Histogram</name>
			<v>2.439E-1</v>
			<v>0E0</v>
			<v>1.377E-1</v>
			<v>0E0</v>
			<v>1.377E-1</v>
			<v>9.008E-2</v>
			<v>5.061E-3</v>
			<v>1.832E-1</v>
			<v>0E0</v>
			<v>9.211E-2</v>
			<v>1.012E-3</v>
			<v>1.093E-1</v>
		</feature>
		<feature>
			<name>Folded Fifths Pitch Class Histogram</name>
			<v>2.439E-1</v>
			<v>1.832E-1</v>
			<v>1.377E-1</v>
			<v>9.211E-2</v>
			<v>1.377E-1</v>
			<v>1.093E-1</v>
			<v>5.061E-3</v>
			<v>0E0</v>
			<v>0E0</v>
			<v>0E0</v>
			<v>1.012E-3</v>
			<v>9.008E-2</v>
		</feature>
		<feature>
			<name>Number of Pitches</name>
			<v>2.4E1</v>
		</feature>
		<feature>
			<name>Number of Pitch Classes</name>
			<v>9E0</v>
		</feature>
		<feature>
			<name>Number of Common Pitches</name>
			<v>2E0</v>
		</feature>
		<feature>
			<name>Number of Common Pitch Classes</name>
			<v>1E0</v>
		</feature>
		<feature>
			<name>Range</name>
			<v>3.4E1</v>
		</feature>
		<feature>
			<name>Importance of Bass Register</name>
			<v>1.377E-1</v>
		</feature>
		<feature>
			<name>Importance of Middle Register</name>
			<v>7.874E-1</v>
		</feature>
		<feature>
			<name>Importance of High Register</name>
			<v>7.49E-2</v>
		</feature>
		<feature>
			<name>Dominant Spread</name>
			<v>7E0</v>
		</feature>
		<feature>
			<name>Strong Tonal Centres</name>
			<v>2E0</v>
		</feature>
		<feature>
			<name>Mean Pitch</name>
			<v>6.171E1</v>
		</feature>
		<feature>
			<name>Mean Pitch Class</name>
			<v>4.631E0</v>
		</feature>
		<feature>
			<name>Most Common Pitch</name>
			<v>6E1</v>
		</feature>
		<feature>
			<name>Most Common Pitch Class</name>
			<v>0E0</v>
		</feature>
		<feature>
			<name>Prevalence of Most Common Pitch</name>
			<v>1.366E-1</v>
		</feature>
		<feature>
			<name>Prevalence of Most Common Pitch Class</name>
			<v>2.439E-1</v>
		</feature>
		<feature>
			<name>Relative Prevalence of Top Pitches</name>
			<v>7.037E-1</v>
		</feature>
		<feature>
			<name>Relative Prevalence of Top Pitch Classes</name>
			<v>7.51E-1</v>
		</feature>
		<feature>
			<name>Interval Between Most Prevalent Pitches</name>
			<v>7E0</v>
		</feature>
		<feature>
			<name>Interval Between Most Prevalent Pitch Classes</name>
			<v>7E0</v>
		</feature>
		<feature>
			<name>Pitch Variability</name>
			<v>7.356E0</v>
		</feature>
		<feature>
			<name>Pitch Class Variability</name>
			<v>3.677E0</v>
		</feature>
		<feature>
			<name>Pitch Class Variability After Folding</name>
			<v>3.081E0</v>
		</feature>
		<feature>
			<name>Pitch Skewness</name>
			<v>4.251E-2</v>
		</feature>
		<feature>
			<name>Pitch Class Skewness</name>
			<v>5.144E-1</v>
		</feature>
		<feature>
			<name>Pitch Class Skewness After Folding</name>
			<v>8.407E-1</v>
		</feature>
		<feature>
			<name>Pitch Kurtosis</name>
			<v>5.445E0</v>
		</feature>
		<feature>
			<name>Pitch Class Kurtosis</name>
			<v>4.875E0</v>
		</feature>
		<feature>
			<name>Pitch Class Kurtosis After Folding</name>
			<v>7.694E0</v>
		</feature>
		<feature>
			<name>Major or Minor</name>
			<v>0E0</v>
		</feature>
		<feature>
			<name>First Pitch</name>
			<v>6.7E1</v>
		</feature>
		<feature>
			<name>First Pitch Class</name>
			<v>7E0</v>
		</feature>
		<feature>
			<name>Last Pitch</name>
			<v>4.8E1</v>
		</feature>
		<feature>
			<name>Last Pitch Class</name>
			<v>0E0</v>
		</feature>
		<feature>
			<name>Glissando Prevalence</name>
			<v>0E0</v>
		</feature>
		<feature>
			<name>Average Range of Glissandos</name>
			<v>0E0</v>
		</feature>
		<feature>
			<name>Vibrato Prevalence</name>
			<v>0E0</v>
		</feature>
		<feature>
			<name>Microtone Prevalence</name>
			<v>0E0</v>
		</feature>
		<feature>
			<name>Melodic Interval Histogram</name>
			<v>1.809E-1</v>
			<v>1.992E-1</v>
			<v>4.157E-1</v>
			<v>5.894E-2</v>
			<v>4.675E-2</v>
			<v>3.76E-2</v>
			<v>0E0</v>
			<v>4.065E-2</v>
			<v>2.033E-3</v>
			<v>2.033E-3</v>
			<v>0E0</v>
			<v>0E0</v>
			<v>1.626E-2</v>
			<v>0E0</v>
			<v>0E0</v>
			<v>0E0</v>
			<v>0E0</v>
			<v>0E0</v>
			<v>0E0</v>
			<v>0E0</v>
			<v>0E0</v>
			<v>0E0</v>
			<v>0E0</v>
			<v>0E0</v>
			<v>0E0</v>
			<v>0E0</v>
			<v>0E0</v>
			<v>0E0</v>
			<v>0E0</v>
			<v>0E0</v>
			<v>0E0</v>
			<v>0E0</v>
			<v>0E0</v>
			<v>0E0</v>
			<v>0E0</v>
			<v>0E0</v>
			<v>0E0</v>
			<v>0E0</v>
			<v>0E0</v>
			<v>0E0</v>
			<v>0E0</v>
			<v>0E0</v>
			<v>0E0</v>
			<v>0E0</v>
			<v>0E0</v>
			<v>0E0</v>
			<v>0E0</v>
			<v>0E0</v>
			<v>0E0</v>
			<v>0E0</v>
			<v>0E0</v>
			<v>0E0</v>
			<v>0E0</v>
			<v>0E0</v>
			<v>0E0</v>
			<v>0E0</v>
			<v>0E0</v>
			<v>0E0</v>
			<v>0E0</v>
			<v>0E0</v>
			<v>0E0</v>
			<v>0E0</v>
			<v>0E0</v>
			<v>0E0</v>
			<v>0E0</v>
			<v>0E0</v>
			<v>0E0</v>
			<v>0E0</v>
			<v>0E0</v>
			<v>0E0</v>
			<v>0E0</v>
			<v>0E0</v>
			<v>0E0</v>
			<v>0E0</v>
			<v>0E0</v>
			<v>0E0</v>
			<v>0E0</v>
			<v>0E0</v>
			<v>0E0</v>
			<v>0E0</v>
			<v>0E0</v>
			<v>0E0</v>
			<v>0E0</v>
			<v>0E0</v>
			<v>0E0</v>
			<v>0E0</v>
			<v>0E0</v>
			<v>0E0</v>
			<v>0E0</v>
			<v>0E0</v>
			<v>0E0</v>
			<v>0E0</v>
			<v>0E0</v>
			<v>0E0</v>
			<v>0E0</v>
			<v>0E0</v>
			<v>0E0</v>
			<v>0E0</v>
			<v>0E0</v>
			<v>0E0</v>
			<v>0E0</v>
			<v>0E0</v>
			<v>0E0</v>
			<v>0E0</v>
			<v>0E0</v>
			<v>0E0</v>
			<v>0E0</v>
			<v>0E0</v>
			<v>0E0</v>
			<v>0E0</v>
			<v>0E0</v>
			<v>0E0</v>
			<v>0E0</v>
			<v>0E0</v>
			<v>0E0</v>
			<v>0E0</v>
			<v>0E0</v>
			<v>0E0</v>
			<v>0E0</v>
			<v>0E0</v>
			<v>0E0</v>
			<v>0E0</v>
			<v>0E0</v>
			<v>0E0</v>
			<v>0E0</v>
			<v>0E0</v>
			<v>0E0</v>
			<v>0E0</v>
		</feature>
		<feature>
			<name>Most Common Melodic Interval</name>
			<v>2E0</v>
		</feature>
		<feature>
			<name>Mean Melodic Interval</name>
			<v>2.097E0</v>
		</feature>
		<feature>
			<name>Number of Common Melodic Intervals</name>
			<v>3E0</v>
		</feature>
		<feature>
			<name>Distance Between Most Prevalent Melodic Intervals</name>
			<v>1E0</v>
		</feature>
		<feature>
			<name>Prevalence of Most Common Melodic Interval</name>
			<v>4.157E-1</v>
		</feature>
		<feature>
			<name>Relative Prevalence of Most Common Melodic Intervals</name>
			<v>4.792E-1</v>
		</feature>
		<feature>
			<name>Amount of Arpeggiation</name>
			<v>3.435E-1</v>
		</feature>
		<feature>
			<name>Repeated Notes</name>
			<v>1.809E-1</v>
		</feature>
		<feature>
			<name>Chromatic Motion</name>
			<v>1.992E-1</v>
		</feature>
		<feature>
			<name>Stepwise Motion</name>
			<v>6.148E-1</v>
		</feature>
		<feature>
			<name>Melodic Thirds</name>
			<v>1.057E-1</v>
		</feature>
		<feature>
			<name>Melodic Perfect Fourths</name>
			<v>3.76E-2</v>
		</feature>
		<feature>
			<name>Melodic Tritones</name>
			<v>0E0</v>
		</feature>
		<feature>
			<name>Melodic Perfect Fifths</name>
			<v>4.065E-2</v>
		</feature>
		<feature>
			<name>Melodic Sixths</name>
			<v>4.065E-3</v>
		</feature>
		<feature>
			<name>Melodic Sevenths</name>
			<v>0E0</v>
		</feature>
		<feature>
			<name>Melodic Octaves</name>
			<v>1.626E-2</v>
		</feature>
		<feature>
			<name>Melodic Large Intervals</name>
			<v>0E0</v>
		</feature>
		<feature>
			<name>Minor Major Melodic Third Ratio</name>
			<v>1.261E0</v>
		</feature>
		<feature>
			<name>Melodic Embellishments</name>
			<v>2.834E-2</v>
		</feature>
		<feature>
			<name>Direction of Melodic Motion</name>
			<v>4.591E-1</v>
		</feature>
		<feature>
			<name>Average Length of Melodic Arcs</name>
			<v>1.919E0</v>
		</feature>
		<feature>
			<name>Average Interval Spanned by Melodic Arcs</name>
			<v>4.876E0</v>
		</feature>
		<feature>
			<name>Melodic Pitch Variety</name>
			<v>4.84E0</v>
		</feature>
		<feature>
			<name>Vertical Interval Histogram</name>
			<v>5.091E-2</v>
			<v>2.322E-3</v>
			<v>1.186E-2</v>
			<v>6.761E-2</v>
			<v>8.752E-2</v>
			<v>5.235E-2</v>
			<v>5.985E-3</v>
			<v>1.421E-1</v>
			<v>4.346E-2</v>
			<v>8.874E-2</v>
			<v>1.237E-2</v>
			<v>5.443E-3</v>
			<v>1.61E-1</v>
			<v>5.156E-3</v>
			<v>7.19E-3</v>
			<v>4.372E-2</v>
			<v>7.413E-2</v>
			<v>1.645E-2</v>
			<v>1.28E-3</v>
			<v>5.651E-2</v>
			<v>3.706E-3</v>
			<v>5.679E-3</v>
			<v>0E0</v>
			<v>8.274E-4</v>
			<v>3.359E-2</v>
			<v>1.655E-3</v>
			<v>2.758E-4</v>
			<v>3.586E-3</v>
			<v>1.351E-2</v>
			<v>8.274E-4</v>
			<v>0E0</v>
			<v>2.758E-4</v>
			<v>0E0</v>
			<v>0E0</v>
			<v>0E0</v>
			<v>0E0</v>
			<v>0E0</v>
			<v>0E0</v>
			<v>0E0</v>
			<v>0E0</v>
			<v>0E0</v>
			<v>0E0</v>
			<v>0E0</v>
			<v>0E0</v>
			<v>0E0</v>
			<v>0E0</v>
			<v>0E0</v>
			<v>0E0</v>
			<v>0E0</v>
			<v>0E0</v>
			<v>0E0</v>
			<v>0E0</v>
			<v>0E0</v>
			<v>0E0</v>
			<v>0E0</v>
			<v>0E0</v>
			<v>0E0</v>
			<v>0E0</v>
			<v>0E0</v>
			<v>0E0</v>
			<v>0E0</v>
			<v>0E0</v>
			<v>0E0</v>
			<v>0E0</v>
			<v>0E0</v>
			<v>0E0</v>
			<v>0E0</v>
			<v>0E0</v>
			<v>0E0</v>
			<v>0E0</v>
			<v>0E0</v>
			<v>0E0</v>
			<v>0E0</v>
			<v>0E0</v>
			<v>0E0</v>
			<v>0E0</v>
			<v>0E0</v>
			<v>0E0</v>
			<v>0E0</v>
			<v>0E0</v>
			<v>0E0</v>
			<v>0E0</v>
			<v>0E0</v>
			<v>0E0</v>
			<v>0E0</v>
			<v>0E0</v>
			<v>0E0</v>
			<v>0E0</v>
			<v>0E0</v>
			<v>0E0</v>
			<v>0E0</v>
			<v>0E0</v>
			<v>0E0</v>
			<v>0E0</v>
			<v>0E0</v>
			<v>0E0</v>
			<v>0E0</v>
			<v>0E0</v>
			<v>0E0</v>
			<v>0E0</v>
			<v>0E0</v>
			<v>0E0</v>
			<v>0E0</v>
			<v>0E0</v>
			<v>0E0</v>
			<v>0E0</v>
			<v>0E0</v>
			<v>0E0</v>
			<v>0E0</v>
			<v>0E0</v>
			<v>0E0</v>
			<v>0E0</v>
			<v>0E0</v>
			<v>0E0</v>
			<v>0E0</v>
			<v>0E0</v>
			<v>0E0</v>
			<v>0E0</v>
			<v>0E0</v>
			<v>0E0</v>
			<v>0E0</v>
			<v>0E0</v>
			<v>0E0</v>
			<v>0E0</v>
			<v>0E0</v>
			<v>0E0</v>
			<v>0E0</v>
			<v>0E0</v>
		</feature>
		<feature>
			<name>Wrapped Vertical Interval Histogram</name>
			<v>2.455E-1</v>
			<v>9.132E-3</v>
			<v>1.932E-2</v>
			<v>1.149E-1</v>
			<v>1.752E-1</v>
			<v>6.962E-2</v>
			<v>7.265E-3</v>
			<v>1.989E-1</v>
			<v>4.717E-2</v>
			<v>9.442E-2</v>
			<v>1.237E-2</v>
			<v>6.271E-3</v>
		</feature>
		<feature>
			<name>Chord Type Histogram</name>
			<v>5.553E-1</v>
			<v>1.228E-1</v>
			<v>2.307E-1</v>
			<v>1.128E-2</v>
			<v>0E0</v>
			<v>4.834E-2</v>
			<v>3.545E-3</v>
			<v>0E0</v>
			<v>5.156E-3</v>
			<v>2.288E-2</v>
			<v>0E0</v>
		</feature>
		<feature>
			<name>Average Number of Simultaneous Pitch Classes</name>
			<v>2.272E0</v>
		</feature>
		<feature>
			<name>Variability of Number of Simultaneous Pitch Classes</name>
			<v>7.272E-1</v>
		</feature>
		<feature>
			<name>Average Number of Simultaneous Pitches</name>
			<v>2.812E0</v>
		</feature>
		<feature>
			<name>Variability of Number of Simultaneous Pitches</name>
			<v>8.884E-1</v>
		</feature>
		<feature>
			<name>Most Common Vertical Interval</name>
			<v>0E0</v>
		</feature>
		<feature>
			<name>Second Most Common Vertical Interval</name>
			<v>7E0</v>
		</feature>
		<feature>
			<name>Distance Between Two Most Common Vertical Intervals</name>
			<v>7E0</v>
		</feature>
		<feature>
			<name>Prevalence of Most Common Vertical Interval</name>
			<v>2.455E-1</v>
		</feature>
		<feature>
			<name>Prevalence of Second Most Common Vertical Interval</name>
			<v>1.989E-1</v>
		</feature>
		<feature>
			<name>Prevalence Ratio of Two Most Common Vertical Intervals</name>
			<v>8.103E-1</v>
		</feature>
		<feature>
			<name>Vertical Unisons</name>
			<v>5.091E-2</v>
		</feature>
		<feature>
			<name>Vertical Minor Seconds</name>
			<v>9.132E-3</v>
		</feature>
		<feature>
			<name>Vertical Thirds</name>
			<v>2.901E-1</v>
		</feature>
		<feature>
			<name>Vertical Tritones</name>
			<v>7.265E-3</v>
		</feature>
		<feature>
			<name>Vertical Perfect Fourths</name>
			<v>6.962E-2</v>
		</feature>
		<feature>
			<name>Vertical Perfect Fifths</name>
			<v>1.989E-1</v>
		</feature>
		<feature>
			<name>Vertical Sixths</name>
			<v>1.416E-1</v>
		</feature>
		<feature>
			<name>Vertical Sevenths</name>
			<v>1.864E-2</v>
		</feature>
		<feature>
			<name>Vertical Octaves</name>
			<v>1.946E-1</v>
		</feature>
		<feature>
			<name>Perfect Vertical Intervals</name>
			<v>5.14E-1</v>
		</feature>
		<feature>
			<name>Vertical Dissonance Ratio</name>
			<v>5.748E-2</v>
		</feature>
		<feature>
			<name>Vertical Minor Third Prevalence</name>
			<v>2.783E-1</v>
		</feature>
		<feature>
			<name>Vertical Major Third Prevalence</name>
			<v>3.972E-1</v>
		</feature>
		<feature>
			<name>Chord Duration</name>
			<v>2.492E0</v>
		</feature>
		<feature>
			<name>Partial Chords</name>
			<v>5.553E-1</v>
		</feature>
		<feature>
			<name>Standard Triads</name>
			<v>3.535E-1</v>
		</feature>
		<feature>
			<name>Diminished and Augmented Triads</name>
			<v>1.128E-2</v>
		</feature>
		<feature>
			<name>Dominant Seventh Chords</name>
			<v>0E0</v>
		</feature>
		<feature>
			<name>Seventh Chords</name>
			<v>8.701E-3</v>
		</feature>
		<feature>
			<name>Non-Standard Chords</name>
			<v>8.25E-2</v>
		</feature>
		<feature>
			<name>Complex Chords</name>
			<v>0E0</v>
		</feature>
		<feature>
			<name>Minor Major Triad Ratio</name>
			<v>5.321E-1</v>
		</feature>
		<feature>
			<name>Initial Time Signature</name>
			<v>2E0</v>
			<v>1E0</v>
		</feature>
		<feature>
			<name>Simple Initial Meter</name>
			<v>1E0</v>
		</feature>
		<feature>
			<name>Compound Initial Meter</name>
			<v>0E0</v>
		</feature>
		<feature>
			<name>Complex Initial Meter</name>
			<v>0E0</v>
		</feature>
		<feature>
			<name>Duple Initial Meter</name>
			<v>1E0</v>
		</feature>
		<feature>
			<name>Triple Initial Meter</name>
			<v>0E0</v>
		</feature>
		<feature>
			<name>Quadruple Initial Meter</name>
			<v>0E0</v>
		</feature>
		<feature>
			<name>Metrical Diversity</name>
			<v>1E0</v>
		</feature>
		<feature>
			<name>Total Number of Notes</name>
			<v>9.88E2</v>
		</feature>
		<feature>
			<name>Note Density per Quarter Note</name>
			<v>8.118E-1</v>
		</feature>
		<feature>
			<name>Note Density per Quarter Note per Voice</name>
			<v>2.03E-1</v>
		</feature>
		<feature>
			<name>Note Density per Quarter Note Variability</name>
			<v>NaN</v>
		</feature>
		<feature>
			<name>Rhythmic Value Histogram</name>
			<v>0E0</v>
			<v>0E0</v>
			<v>0E0</v>
			<v>0E0</v>
			<v>1.457E-1</v>
			<v>1.619E-2</v>
			<v>1.609E-1</v>
			<v>1.235E-1</v>
			<v>3.664E-1</v>
			<v>9.615E-2</v>
			<v>8.502E-2</v>
			<v>6.073E-3</v>
		</feature>
		<feature>
			<name>Range of Rhythmic Values</name>
			<v>7E0</v>
		</feature>
		<feature>
			<name>Number of Different Rhythmic Values Present</name>
			<v>8E0</v>
		</feature>
		<feature>
			<name>Number of Common Rhythmic Values Present</name>
			<v>2E0</v>
		</feature>
		<feature>
			<name>Prevalence of Very Short Rhythmic Values</name>
			<v>0E0</v>
		</feature>
		<feature>
			<name>Prevalence of Short Rhythmic Values</name>
			<v>0E0</v>
		</feature>
		<feature>
			<name>Prevalence of Medium Rhythmic Values</name>
			<v>3.229E-1</v>
		</feature>
		<feature>
			<name>Prevalence of Long Rhythmic Values</name>
			<v>8.381E-1</v>
		</feature>
		<feature>
			<name>Prevalence of Very Long Rhythmic Values</name>
			<v>1.872E-1</v>
		</feature>
		<feature>
			<name>Prevalence of Dotted Notes</name>
			<v>2.419E-1</v>
		</feature>
		<feature>
			<name>Shortest Rhythmic Value</name>
			<v>1E0</v>
		</feature>
		<feature>
			<name>Longest Rhythmic Value</name>
			<v>1.2E1</v>
		</feature>
		<feature>
			<name>Mean Rhythmic Value</name>
			<v>3.658E0</v>
		</feature>
		<feature>
			<name>Most Common Rhythmic Value</name>
			<v>4E0</v>
		</feature>
		<feature>
			<name>Prevalence of Most Common Rhythmic Value</name>
			<v>3.664E-1</v>
		</feature>
		<feature>
			<name>Relative Prevalence of Most Common Rhythmic Values</name>
			<v>4.392E-1</v>
		</feature>
		<feature>
			<name>Difference Between Most Common Rhythmic Values</name>
			<v>2E0</v>
		</feature>
		<feature>
			<name>Rhythmic Value Variability</name>
			<v>2.05E0</v>
		</feature>
		<feature>
			<name>Rhythmic Value Skewness</name>
			<v>-5.007E-1</v>
		</feature>
		<feature>
			<name>Rhythmic Value Kurtosis</name>
			<v>7.083E0</v>
		</feature>
		<feature>
			<name>Rhythmic Value Median Run Lengths Histogram</name>
			<v>0E0</v>
			<v>0E0</v>
			<v>0E0</v>
			<v>0E0</v>
			<v>1.818E-1</v>
			<v>2.727E-1</v>
			<v>9.091E-2</v>
			<v>9.091E-2</v>
			<v>9.091E-2</v>
			<v>9.091E-2</v>
			<v>9.091E-2</v>
			<v>9.091E-2</v>
		</feature>
		<feature>
			<name>Mean Rhythmic Value Run Length</name>
			<v>1.529E0</v>
		</feature>
		<feature>
			<name>Median Rhythmic Value Run Length</name>
			<v>1E0</v>
		</feature>
		<feature>
			<name>Variability in Rhythmic Value Run Lengths</name>
			<v>1.136E0</v>
		</feature>
		<feature>
			<name>Rhythmic Value Variability in Run Lengths Histogram</name>
			<v>0E0</v>
			<v>0E0</v>
			<v>0E0</v>
			<v>0E0</v>
			<v>1.331E-1</v>
			<v>1.384E-1</v>
			<v>1.072E-1</v>
			<v>1.266E-1</v>
			<v>2.933E-1</v>
			<v>7.581E-2</v>
			<v>1.256E-1</v>
			<v>0E0</v>
		</feature>
		<feature>
			<name>Mean Rhythmic Value Offset</name>
			<v>7.625E-2</v>
		</feature>
		<feature>
			<name>Median Rhythmic Value Offset</name>
			<v>0E0</v>
		</feature>
		<feature>
			<name>Variability of Rhythmic Value Offsets</name>
			<v>3.212E-1</v>
		</feature>
		<feature>
			<name>Complete Rests Fraction</name>
			<v>1.396E-2</v>
		</feature>
		<feature>
			<name>Partial Rests Fraction</name>
			<v>6.237E-1</v>
		</feature>
		<feature>
			<name>Average Rest Fraction Across Voices</name>
			<v>2.649E-1</v>
		</feature>
		<feature>
			<name>Longest Complete Rest</name>
			<v>8E0</v>
		</feature>
		<feature>
			<name>Longest Partial Rest</name>
			<v>4.8E1</v>
		</feature>
		<feature>
			<name>Mean Complete Rest Duration</name>
			<v>4.248E0</v>
		</feature>
		<feature>
			<name>Mean Partial Rest Duration</name>
			<v>1.535E1</v>
		</feature>
		<feature>
			<name>Median Complete Rest Duration</name>
			<v>4E0</v>
		</feature>
		<feature>
			<name>Median Partial Rest Duration</name>
			<v>1.2E1</v>
		</feature>
		<feature>
			<name>Variability of Complete Rest Durations</name>
			<v>2.875E0</v>
		</feature>
		<feature>
			<name>Variability of Partial Rest Durations</name>
			<v>1.283E1</v>
		</feature>
		<feature>
			<name>Variability Across Voices of Combined Rests</name>
			<v>4.509E1</v>
		</feature>
		<feature>
			<name>Beat Histogram Tempo Standardized</name>
			<v>1.691E-1</v>
			<v>0E0</v>
			<v>0E0</v>
			<v>0E0</v>
			<v>0E0</v>
			<v>1.813E-1</v>
			<v>0E0</v>
			<v>0E0</v>
			<v>0E0</v>
			<v>0E0</v>
			<v>0E0</v>
			<v>0E0</v>
			<v>0E0</v>
			<v>0E0</v>
			<v>0E0</v>
			<v>0E0</v>
			<v>0E0</v>
			<v>0E0</v>
			<v>0E0</v>
			<v>0E0</v>
			<v>4.353E-1</v>
			<v>0E0</v>
			<v>0E0</v>
			<v>0E0</v>
			<v>0E0</v>
			<v>0E0</v>
			<v>0E0</v>
			<v>0E0</v>
			<v>0E0</v>
			<v>0E0</v>
			<v>0E0</v>
			<v>0E0</v>
			<v>0E0</v>
			<v>0E0</v>
			<v>0E0</v>
			<v>0E0</v>
			<v>0E0</v>
			<v>0E0</v>
			<v>0E0</v>
			<v>0E0</v>
			<v>0E0</v>
			<v>0E0</v>
			<v>0E0</v>
			<v>0E0</v>
			<v>0E0</v>
			<v>0E0</v>
			<v>0E0</v>
			<v>0E0</v>
			<v>0E0</v>
			<v>0E0</v>
			<v>3.312E-2</v>
			<v>0E0</v>
			<v>0E0</v>
			<v>0E0</v>
			<v>0E0</v>
			<v>0E0</v>
			<v>0E0</v>
			<v>0E0</v>
			<v>0E0</v>
			<v>0E0</v>
			<v>0E0</v>
			<v>0E0</v>
			<v>0E0</v>
			<v>0E0</v>
			<v>0E0</v>
			<v>0E0</v>
			<v>0E0</v>
			<v>0E0</v>
			<v>0E0</v>
			<v>0E0</v>
			<v>0E0</v>
			<v>0E0</v>
			<v>0E0</v>
			<v>0E0</v>
			<v>0E0</v>
			<v>0E0</v>
			<v>0E0</v>
			<v>0E0</v>
			<v>0E0</v>
			<v>0E0</v>
			<v>1.811E-1</v>
			<v>0E0</v>
			<v>0E0</v>
			<v>0E0</v>
			<v>0E0</v>
			<v>0E0</v>
			<v>0E0</v>
			<v>0E0</v>
			<v>0E0</v>
			<v>0E0</v>
			<v>0E0</v>
			<v>0E0</v>
			<v>0E0</v>
			<v>0E0</v>
			<v>0E0</v>
			<v>0E0</v>
			<v>0E0</v>
			<v>0E0</v>
			<v>0E0</v>
			<v>0E0</v>
			<v>0E0</v>
			<v>0E0</v>
			<v>0E0</v>
			<v>0E0</v>
			<v>0E0</v>
			<v>0E0</v>
			<v>0E0</v>
			<v>0E0</v>
			<v>0E0</v>
			<v>0E0</v>
			<v>0E0</v>
			<v>0E0</v>
			<v>0E0</v>
			<v>0E0</v>
			<v>0E0</v>
			<v>0E0</v>
			<v>0E0</v>
			<v>0E0</v>
			<v>0E0</v>
			<v>0E0</v>
			<v>0E0</v>
			<v>0E0</v>
			<v>0E0</v>
			<v>0E0</v>
			<v>0E0</v>
			<v>0E0</v>
			<v>0E0</v>
			<v>0E0</v>
			<v>0E0</v>
			<v>0E0</v>
			<v>0E0</v>
			<v>0E0</v>
			<v>0E0</v>
			<v>0E0</v>
			<v>0E0</v>
			<v>0E0</v>
			<v>0E0</v>
			<v>0E0</v>
			<v>0E0</v>
			<v>0E0</v>
			<v>0E0</v>
			<v>0E0</v>
			<v>0E0</v>
			<v>0E0</v>
			<v>0E0</v>
			<v>0E0</v>
			<v>0E0</v>
			<v>0E0</v>
			<v>0E0</v>
			<v>0E0</v>
			<v>0E0</v>
			<v>0E0</v>
			<v>0E0</v>
			<v>0E0</v>
			<v>0E0</v>
			<v>0E0</v>
			<v>0E0</v>
			<v>0E0</v>
			<v>0E0</v>
			<v>0E0</v>
			<v>0E0</v>
		</feature>
		<feature>
			<name>Number of Strong Rhythmic Pulses - Tempo Standardized</name>
			<v>4E0</v>
		</feature>
		<feature>
			<name>Number of Moderate Rhythmic Pulses - Tempo Standardized</name>
			<v>5E0</v>
		</feature>
		<feature>
			<name>Number of Relatively Strong Rhythmic Pulses - Tempo Standardized</name>
			<v>4E0</v>
		</feature>
		<feature>
			<name>Strongest Rhythmic Pulse - Tempo Standardized</name>
			<v>6E1</v>
		</feature>
		<feature>
			<name>Second Strongest Rhythmic Pulse - Tempo Standardized</name>
			<v>4.5E1</v>
		</feature>
		<feature>
			<name>Harmonicity of Two Strongest Rhythmic Pulses - Tempo Standardized</name>
			<v>1.333E0</v>
		</feature>
		<feature>
			<name>Strength of Strongest Rhythmic Pulse - Tempo Standardized</name>
			<v>4.353E-1</v>
		</feature>
		<feature>
			<name>Strength of Second Strongest Rhythmic Pulse - Tempo Standardized</name>
			<v>1.813E-1</v>
		</feature>
		<feature>
			<name>Strength Ratio of Two Strongest Rhythmic Pulses - Tempo Standardized</name>
			<v>2.401E0</v>
		</feature>
		<feature>
			<name>Combined Strength of Two Strongest Rhythmic Pulses - Tempo Standardized</name>
			<v>6.166E-1</v>
		</feature>
		<feature>
			<name>Rhythmic Variability - Tempo Standardized</name>
			<v>4.173E-2</v>
		</feature>
		<feature>
			<name>Rhythmic Looseness - Tempo Standardized</name>
			<v>0E0</v>
		</feature>
		<feature>
			<name>Polyrhythms - Tempo Standardized</name>
			<v>5E-1</v>
		</feature>
		<feature>
			<name>Initial Tempo</name>
			<v>2.88E2</v>
		</feature>
		<feature>
			<name>Mean Tempo</name>
			<v>2.88E2</v>
		</feature>
		<feature>
			<name>Tempo Variability</name>
			<v>3.569E-10</v>
		</feature>
		<feature>
			<name>Duration in Seconds</name>
			<v>2.535E2</v>
		</feature>
		<feature>
			<name>Note Density</name>
			<v>3.897E0</v>
		</feature>
		<feature>
			<name>Note Density Variability</name>
			<v>1.47E0</v>
		</feature>
		<feature>
			<name>Average Time Between Attacks</name>
			<v>4.678E-1</v>
		</feature>
		<feature>
			<name>Average Time Between Attacks for Each Voice</name>
			<v>1.013E0</v>
		</feature>
		<feature>
			<name>Variability of Time Between Attacks</name>
			<v>3.151E-1</v>
		</feature>
		<feature>
			<name>Average Variability of Time Between Attacks for Each Voice</name>
			<v>1.397E0</v>
		</feature>
		<feature>
			<name>Minimum Note Duration</name>
			<v>2.083E-1</v>
		</feature>
		<feature>
			<name>Maximum Note Duration</name>
			<v>3.333E0</v>
		</feature>
		<feature>
			<name>Average Note Duration</name>
			<v>7.546E-1</v>
		</feature>
		<feature>
			<name>Variability of Note Durations</name>
			<v>4.446E-1</v>
		</feature>
		<feature>
			<name>Amount of Staccato</name>
			<v>0E0</v>
		</feature>
		<feature>
			<name>Beat Histogram</name>
			<v>0E0</v>
			<v>0E0</v>
			<v>6.781E-2</v>
			<v>0E0</v>
			<v>1.382E-2</v>
			<v>0E0</v>
			<v>0E0</v>
			<v>0E0</v>
			<v>1.98E-1</v>
			<v>0E0</v>
			<v>0E0</v>
			<v>0E0</v>
			<v>0E0</v>
			<v>0E0</v>
			<v>6.281E-2</v>
			<v>0E0</v>
			<v>0E0</v>
			<v>0E0</v>
			<v>6.802E-2</v>
			<v>0E0</v>
			<v>0E0</v>
			<v>0E0</v>
			<v>0E0</v>
			<v>0E0</v>
			<v>0E0</v>
			<v>0E0</v>
			<v>0E0</v>
			<v>0E0</v>
			<v>0E0</v>
			<v>0E0</v>
			<v>0E0</v>
			<v>0E0</v>
			<v>2.896E-1</v>
			<v>0E0</v>
			<v>0E0</v>
			<v>0E0</v>
			<v>0E0</v>
			<v>0E0</v>
			<v>0E0</v>
			<v>0E0</v>
			<v>0E0</v>
			<v>0E0</v>
			<v>0E0</v>
			<v>0E0</v>
			<v>0E0</v>
			<v>0E0</v>
			<v>0E0</v>
			<v>0E0</v>
			<v>0E0</v>
			<v>0E0</v>
			<v>0E0</v>
			<v>0E0</v>
			<v>0E0</v>
			<v>0E0</v>
			<v>0E0</v>
			<v>0E0</v>
			<v>6.456E-2</v>
			<v>0E0</v>
			<v>0E0</v>
			<v>0E0</v>
			<v>0E0</v>
			<v>0E0</v>
			<v>0E0</v>
			<v>0E0</v>
			<v>0E0</v>
			<v>0E0</v>
			<v>0E0</v>
			<v>0E0</v>
			<v>6.922E-2</v>
			<v>0E0</v>
			<v>0E0</v>
			<v>0E0</v>
			<v>0E0</v>
			<v>0E0</v>
			<v>0E0</v>
			<v>0E0</v>
			<v>0E0</v>
			<v>0E0</v>
			<v>0E0</v>
			<v>0E0</v>
			<v>0E0</v>
			<v>0E0</v>
			<v>0E0</v>
			<v>0E0</v>
			<v>0E0</v>
			<v>0E0</v>
			<v>0E0</v>
			<v>0E0</v>
			<v>0E0</v>
			<v>0E0</v>
			<v>0E0</v>
			<v>0E0</v>
			<v>0E0</v>
			<v>0E0</v>
			<v>0E0</v>
			<v>0E0</v>
			<v>0E0</v>
			<v>0E0</v>
			<v>0E0</v>
			<v>0E0</v>
			<v>0E0</v>
			<v>0E0</v>
			<v>0E0</v>
			<v>0E0</v>
			<v>1.662E-1</v>
			<v>0E0</v>
			<v>0E0</v>
			<v>0E0</v>
			<v>0E0</v>
			<v>0E0</v>
			<v>0E0</v>
			<v>0E0</v>
			<v>0E0</v>
			<v>0E0</v>
			<v>0E0</v>
			<v>0E0</v>
			<v>0E0</v>
			<v>0E0</v>
			<v>0E0</v>
			<v>0E0</v>
			<v>0E0</v>
			<v>0E0</v>
			<v>0E0</v>
			<v>0E0</v>
			<v>0E0</v>
			<v>0E0</v>
			<v>0E0</v>
			<v>0E0</v>
			<v>0E0</v>
			<v>0E0</v>
			<v>0E0</v>
			<v>0E0</v>
			<v>0E0</v>
			<v>0E0</v>
			<v>0E0</v>
			<v>0E0</v>
			<v>0E0</v>
			<v>0E0</v>
			<v>0E0</v>
			<v>0E0</v>
			<v>0E0</v>
			<v>0E0</v>
			<v>0E0</v>
			<v>0E0</v>
			<v>0E0</v>
			<v>0E0</v>
			<v>0E0</v>
			<v>0E0</v>
			<v>0E0</v>
			<v>0E0</v>
			<v>0E0</v>
			<v>0E0</v>
			<v>0E0</v>
			<v>0E0</v>
			<v>0E0</v>
			<v>0E0</v>
			<v>0E0</v>
			<v>0E0</v>
			<v>0E0</v>
			<v>0E0</v>
			<v>0E0</v>
		</feature>
		<feature>
			<name>Number of Strong Rhythmic Pulses</name>
			<v>3E0</v>
		</feature>
		<feature>
			<name>Number of Moderate Rhythmic Pulses</name>
			<v>9E0</v>
		</feature>
		<feature>
			<name>Number of Relatively Strong Rhythmic Pulses</name>
			<v>3E0</v>
		</feature>
		<feature>
			<name>Strongest Rhythmic Pulse</name>
			<v>7.2E1</v>
		</feature>
		<feature>
			<name>Second Strongest Rhythmic Pulse</name>
			<v>4.8E1</v>
		</feature>
		<feature>
			<name>Harmonicity of Two Strongest Rhythmic Pulses</name>
			<v>1.5E0</v>
		</feature>
		<feature>
			<name>Strength of Strongest Rhythmic Pulse</name>
			<v>2.896E-1</v>
		</feature>
		<feature>
			<name>Strength of Second Strongest Rhythmic Pulse</name>
			<v>1.98E-1</v>
		</feature>
		<feature>
			<name>Strength Ratio of Two Strongest Rhythmic Pulses</name>
			<v>1.463E0</v>
		</feature>
		<feature>
			<name>Combined Strength of Two Strongest Rhythmic Pulses</name>
			<v>4.875E-1</v>
		</feature>
		<feature>
			<name>Rhythmic Variability</name>
			<v>3.229E-2</v>
		</feature>
		<feature>
			<name>Rhythmic Looseness</name>
			<v>0E0</v>
		</feature>
		<feature>
			<name>Polyrhythms</name>
			<v>6.667E-1</v>
		</feature>
		<feature>
			<name>Pitched Instruments Present</name>
			<v>0E0</v>
			<v>0E0</v>
			<v>0E0</v>
			<v>0E0</v>
			<v>0E0</v>
			<v>0E0</v>
			<v>0E0</v>
			<v>0E0</v>
			<v>0E0</v>
			<v>0E0</v>
			<v>0E0</v>
			<v>0E0</v>
			<v>0E0</v>
			<v>0E0</v>
			<v>0E0</v>
			<v>0E0</v>
			<v>0E0</v>
			<v>0E0</v>
			<v>0E0</v>
			<v>0E0</v>
			<v>0E0</v>
			<v>0E0</v>
			<v>0E0</v>
			<v>0E0</v>
			<v>0E0</v>
			<v>0E0</v>
			<v>0E0</v>
			<v>0E0</v>
			<v>0E0</v>
			<v>0E0</v>
			<v>0E0</v>
			<v>0E0</v>
			<v>0E0</v>
			<v>0E0</v>
			<v>0E0</v>
			<v>0E0</v>
			<v>0E0</v>
			<v>0E0</v>
			<v>0E0</v>
			<v>0E0</v>
			<v>0E0</v>
			<v>0E0</v>
			<v>0E0</v>
			<v>0E0</v>
			<v>0E0</v>
			<v>0E0</v>
			<v>0E0</v>
			<v>0E0</v>
			<v>0E0</v>
			<v>0E0</v>
			<v>0E0</v>
			<v>0E0</v>
			<v>0E0</v>
			<v>0E0</v>
			<v>0E0</v>
			<v>0E0</v>
			<v>0E0</v>
			<v>0E0</v>
			<v>0E0</v>
			<v>0E0</v>
			<v>0E0</v>
			<v>0E0</v>
			<v>0E0</v>
			<v>0E0</v>
			<v>0E0</v>
			<v>0E0</v>
			<v>0E0</v>
			<v>0E0</v>
			<v>1E0</v>
			<v>0E0</v>
			<v>1E0</v>
			<v>1E0</v>
			<v>0E0</v>
			<v>1E0</v>
			<v>0E0</v>
			<v>0E0</v>
			<v>0E0</v>
			<v>0E0</v>
			<v>0E0</v>
			<v>0E0</v>
			<v>0E0</v>
			<v>0E0</v>
			<v>0E0</v>
			<v>0E0</v>
			<v>0E0</v>
			<v>0E0</v>
			<v>0E0</v>
			<v>0E0</v>
			<v>0E0</v>
			<v>0E0</v>
			<v>0E0</v>
			<v>0E0</v>
			<v>0E0</v>
			<v>0E0</v>
			<v>0E0</v>
			<v>0E0</v>
			<v>0E0</v>
			<v>0E0</v>
			<v>0E0</v>
			<v>0E0</v>
			<v>0E0</v>
			<v>0E0</v>
			<v>0E0</v>
			<v>0E0</v>
			<v>0E0</v>
			<v>0E0</v>
			<v>0E0</v>
			<v>0E0</v>
			<v>0E0</v>
			<v>0E0</v>
			<v>0E0</v>
			<v>0E0</v>
			<v>0E0</v>
			<v>0E0</v>
			<v>0E0</v>
			<v>0E0</v>
			<v>0E0</v>
			<v>0E0</v>
			<v>0E0</v>
			<v>0E0</v>
			<v>0E0</v>
			<v>0E0</v>
			<v>0E0</v>
			<v>0E0</v>
			<v>0E0</v>
			<v>0E0</v>
			<v>0E0</v>
			<v>0E0</v>
		</feature>
		<feature>
			<name>Unpitched Instruments Present</name>
			<v>0E0</v>
			<v>0E0</v>
			<v>0E0</v>
			<v>0E0</v>
			<v>0E0</v>
			<v>0E0</v>
			<v>0E0</v>
			<v>0E0</v>
			<v>0E0</v>
			<v>0E0</v>
			<v>0E0</v>
			<v>0E0</v>
			<v>0E0</v>
			<v>0E0</v>
			<v>0E0</v>
			<v>0E0</v>
			<v>0E0</v>
			<v>0E0</v>
			<v>0E0</v>
			<v>0E0</v>
			<v>0E0</v>
			<v>0E0</v>
			<v>0E0</v>
			<v>0E0</v>
			<v>0E0</v>
			<v>0E0</v>
			<v>0E0</v>
			<v>0E0</v>
			<v>0E0</v>
			<v>0E0</v>
			<v>0E0</v>
			<v>0E0</v>
			<v>0E0</v>
			<v>0E0</v>
			<v>0E0</v>
			<v>0E0</v>
			<v>0E0</v>
			<v>0E0</v>
			<v>0E0</v>
			<v>0E0</v>
			<v>0E0</v>
			<v>0E0</v>
			<v>0E0</v>
			<v>0E0</v>
			<v>0E0</v>
			<v>0E0</v>
			<v>0E0</v>
		</feature>
		<feature>
			<name>Note Prevalence of Pitched Instruments</name>
			<v>0E0</v>
			<v>0E0</v>
			<v>0E0</v>
			<v>0E0</v>
			<v>0E0</v>
			<v>0E0</v>
			<v>0E0</v>
			<v>0E0</v>
			<v>0E0</v>
			<v>0E0</v>
			<v>0E0</v>
			<v>0E0</v>
			<v>0E0</v>
			<v>0E0</v>
			<v>0E0</v>
			<v>0E0</v>
			<v>0E0</v>
			<v>0E0</v>
			<v>0E0</v>
			<v>0E0</v>
			<v>0E0</v>
			<v>0E0</v>
			<v>0E0</v>
			<v>0E0</v>
			<v>0E0</v>
			<v>0E0</v>
			<v>0E0</v>
			<v>0E0</v>
			<v>0E0</v>
			<v>0E0</v>
			<v>0E0</v>
			<v>0E0</v>
			<v>0E0</v>
			<v>0E0</v>
			<v>0E0</v>
			<v>0E0</v>
			<v>0E0</v>
			<v>0E0</v>
			<v>0E0</v>
			<v>0E0</v>
			<v>0E0</v>
			<v>0E0</v>
			<v>0E0</v>
			<v>0E0</v>
			<v>0E0</v>
			<v>0E0</v>
			<v>0E0</v>
			<v>0E0</v>
			<v>0E0</v>
			<v>0E0</v>
			<v>0E0</v>
			<v>0E0</v>
			<v>0E0</v>
			<v>0E0</v>
			<v>0E0</v>
			<v>0E0</v>
			<v>0E0</v>
			<v>0E0</v>
			<v>0E0</v>
			<v>0E0</v>
			<v>0E0</v>
			<v>0E0</v>
			<v>0E0</v>
			<v>0E0</v>
			<v>0E0</v>
			<v>0E0</v>
			<v>0E0</v>
			<v>0E0</v>
			<v>2.237E-1</v>
			<v>0E0</v>
			<v>2.996E-1</v>
			<v>2.348E-1</v>
			<v>0E0</v>
			<v>2.419E-1</v>
			<v>0E0</v>
			<v>0E0</v>
			<v>0E0</v>
			<v>0E0</v>
			<v>0E0</v>
			<v>0E0</v>
			<v>0E0</v>
			<v>0E0</v>
			<v>0E0</v>
			<v>0E0</v>
			<v>0E0</v>
			<v>0E0</v>
			<v>0E0</v>
			<v>0E0</v>
			<v>0E0</v>
			<v>0E0</v>
			<v>0E0</v>
			<v>0E0</v>
			<v>0E0</v>
			<v>0E0</v>
			<v>0E0</v>
			<v>0E0</v>
			<v>0E0</v>
			<v>0E0</v>
			<v>0E0</v>
			<v>0E0</v>
			<v>0E0</v>
			<v>0E0</v>
			<v>0E0</v>
			<v>0E0</v>
			<v>0E0</v>
			<v>0E0</v>
			<v>0E0</v>
			<v>0E0</v>
			<v>0E0</v>
			<v>0E0</v>
			<v>0E0</v>
			<v>0E0</v>
			<v>0E0</v>
			<v>0E0</v>
			<v>0E0</v>
			<v>0E0</v>
			<v>0E0</v>
			<v>0E0</v>
			<v>0E0</v>
			<v>0E0</v>
			<v>0E0</v>
			<v>0E0</v>
			<v>0E0</v>
			<v>0E0</v>
			<v>0E0</v>
			<v>0E0</v>
			<v>0E0</v>
			<v>0E0</v>
		</feature>
		<feature>
			<name>Note Prevalence of Unpitched Instruments</name>
			<v>0E0</v>
			<v>0E0</v>
			<v>0E0</v>
			<v>0E0</v>
			<v>0E0</v>
			<v>0E0</v>
			<v>0E0</v>
			<v>0E0</v>
			<v>0E0</v>
			<v>0E0</v>
			<v>0E0</v>
			<v>0E0</v>
			<v>0E0</v>
			<v>0E0</v>
			<v>0E0</v>
			<v>0E0</v>
			<v>0E0</v>
			<v>0E0</v>
			<v>0E0</v>
			<v>0E0</v>
			<v>0E0</v>
			<v>0E0</v>
			<v>0E0</v>
			<v>0E0</v>
			<v>0E0</v>
			<v>0E0</v>
			<v>0E0</v>
			<v>0E0</v>
			<v>0E0</v>
			<v>0E0</v>
			<v>0E0</v>
			<v>0E0</v>
			<v>0E0</v>
			<v>0E0</v>
			<v>0E0</v>
			<v>0E0</v>
			<v>0E0</v>
			<v>0E0</v>
			<v>0E0</v>
			<v>0E0</v>
			<v>0E0</v>
			<v>0E0</v>
			<v>0E0</v>
			<v>0E0</v>
			<v>0E0</v>
			<v>0E0</v>
			<v>0E0</v>
		</feature>
		<feature>
			<name>Time Prevalence of Pitched Instruments</name>
			<v>0E0</v>
			<v>0E0</v>
			<v>0E0</v>
			<v>0E0</v>
			<v>0E0</v>
			<v>0E0</v>
			<v>0E0</v>
			<v>0E0</v>
			<v>0E0</v>
			<v>0E0</v>
			<v>0E0</v>
			<v>0E0</v>
			<v>0E0</v>
			<v>0E0</v>
			<v>0E0</v>
			<v>0E0</v>
			<v>0E0</v>
			<v>0E0</v>
			<v>0E0</v>
			<v>0E0</v>
			<v>0E0</v>
			<v>0E0</v>
			<v>0E0</v>
			<v>0E0</v>
			<v>0E0</v>
			<v>0E0</v>
			<v>0E0</v>
			<v>0E0</v>
			<v>0E0</v>
			<v>0E0</v>
			<v>0E0</v>
			<v>0E0</v>
			<v>0E0</v>
			<v>0E0</v>
			<v>0E0</v>
			<v>0E0</v>
			<v>0E0</v>
			<v>0E0</v>
			<v>0E0</v>
			<v>0E0</v>
			<v>0E0</v>
			<v>0E0</v>
			<v>0E0</v>
			<v>0E0</v>
			<v>0E0</v>
			<v>0E0</v>
			<v>0E0</v>
			<v>0E0</v>
			<v>0E0</v>
			<v>0E0</v>
			<v>0E0</v>
			<v>0E0</v>
			<v>0E0</v>
			<v>0E0</v>
			<v>0E0</v>
			<v>0E0</v>
			<v>0E0</v>
			<v>0E0</v>
			<v>0E0</v>
			<v>0E0</v>
			<v>0E0</v>
			<v>0E0</v>
			<v>0E0</v>
			<v>0E0</v>
			<v>0E0</v>
			<v>0E0</v>
			<v>0E0</v>
			<v>0E0</v>
			<v>6.877E-1</v>
			<v>0E0</v>
			<v>7.787E-1</v>
			<v>7.391E-1</v>
			<v>0E0</v>
			<v>7.352E-1</v>
			<v>0E0</v>
			<v>0E0</v>
			<v>0E0</v>
			<v>0E0</v>
			<v>0E0</v>
			<v>0E0</v>
			<v>0E0</v>
			<v>0E0</v>
			<v>0E0</v>
			<v>0E0</v>
			<v>0E0</v>
			<v>0E0</v>
			<v>0E0</v>
			<v>0E0</v>
			<v>0E0</v>
			<v>0E0</v>
			<v>0E0</v>
			<v>0E0</v>
			<v>0E0</v>
			<v>0E0</v>
			<v>0E0</v>
			<v>0E0</v>
			<v>0E0</v>
			<v>0E0</v>
			<v>0E0</v>
			<v>0E0</v>
			<v>0E0</v>
			<v>0E0</v>
			<v>0E0</v>
			<v>0E0</v>
			<v>0E0</v>
			<v>0E0</v>
			<v>0E0</v>
			<v>0E0</v>
			<v>0E0</v>
			<v>0E0</v>
			<v>0E0</v>
			<v>0E0</v>
			<v>0E0</v>
			<v>0E0</v>
			<v>0E0</v>
			<v>0E0</v>
			<v>0E0</v>
			<v>0E0</v>
			<v>0E0</v>
			<v>0E0</v>
			<v>0E0</v>
			<v>0E0</v>
			<v>0E0</v>
			<v>0E0</v>
			<v>0E0</v>
			<v>0E0</v>
			<v>0E0</v>
			<v>0E0</v>
		</feature>
		<feature>
			<name>Variability of Note Prevalence of Pitched Instruments</name>
			<v>3.35E1</v>
		</feature>
		<feature>
			<name>Variability of Note Prevalence of Unpitched Instruments</name>
			<v>0E0</v>
		</feature>
		<feature>
			<name>Number of Pitched Instruments</name>
			<v>4E0</v>
		</feature>
		<feature>
			<name>Number of Unpitched Instruments</name>
			<v>0E0</v>
		</feature>
		<feature>
			<name>Unpitched Percussion Instrument Prevalence</name>
			<v>0E0</v>
		</feature>
		<feature>
			<name>String Keyboard Prevalence</name>
			<v>0E0</v>
		</feature>
		<feature>
			<name>Acoustic Guitar Prevalence</name>
			<v>0E0</v>
		</feature>
		<feature>
			<name>Electric Guitar Prevalence</name>
			<v>0E0</v>
		</feature>
		<feature>
			<name>Violin Prevalence</name>
			<v>0E0</v>
		</feature>
		<feature>
			<name>Saxophone Prevalence</name>
			<v>0E0</v>
		</feature>
		<feature>
			<name>Brass Prevalence</name>
			<v>0E0</v>
		</feature>
		<feature>
			<name>Woodwinds Prevalence</name>
			<v>1E0</v>
		</feature>
		<feature>
			<name>Orchestral Strings Prevalence</name>
			<v>0E0</v>
		</feature>
		<feature>
			<name>String Ensemble Prevalence</name>
			<v>0E0</v>
		</feature>
		<feature>
			<name>Electric Instrument Prevalence</name>
			<v>0E0</v>
		</feature>
		<feature>
			<name>Maximum Number of Independent Voices</name>
			<v>4E0</v>
		</feature>
		<feature>
			<name>Average Number of Independent Voices</name>
			<v>2.982E0</v>
		</feature>
		<feature>
			<name>Variability of Number of Independent Voices</name>
			<v>9.157E-1</v>
		</feature>
		<feature>
			<name>Voice Equality - Number of Notes</name>
			<v>3.35E1</v>
		</feature>
		<feature>
			<name>Voice Equality - Note Duration</name>
			<v>9.393E0</v>
		</feature>
		<feature>
			<name>Voice Equality - Dynamics</name>
			<v>8.539E0</v>
		</feature>
		<feature>
			<name>Voice Equality - Melodic Leaps</name>
			<v>5.774E-1</v>
		</feature>
		<feature>
			<name>Voice Equality - Range</name>
			<v>2.16E0</v>
		</feature>
		<feature>
			<name>Importance of Loudest Voice</name>
			<v>1.167E1</v>
		</feature>
		<feature>
			<name>Relative Range of Loudest Voice</name>
			<v>5E-1</v>
		</feature>
		<feature>
			<name>Relative Range Isolation of Loudest Voice</name>
			<v>5.649E-1</v>
		</feature>
		<feature>
			<name>Relative Range of Highest Line</name>
			<v>5E-1</v>
		</feature>
		<feature>
			<name>Relative Note Density of Highest Line</name>
			<v>2.874E-1</v>
		</feature>
		<feature>
			<name>Relative Note Durations of Lowest Line</name>
			<v>1.046E0</v>
		</feature>
		<feature>
			<name>Relative Size of Melodic Intervals in Lowest Line</name>
			<v>6.667E-1</v>
		</feature>
		<feature>
			<name>Voice Overlap</name>
			<v>7.642E-1</v>
		</feature>
		<feature>
			<name>Voice Separation</name>
			<v>6.333E0</v>
		</feature>
		<feature>
			<name>Variability of Voice Separation</name>
			<v>4.619E0</v>
		</feature>
		<feature>
			<name>Parallel Motion</name>
			<v>3.878E-2</v>
		</feature>
		<feature>
			<name>Similar Motion</name>
			<v>1.222E-1</v>
		</feature>
		<feature>
			<name>Contrary Motion</name>
			<v>1.927E-1</v>
		</feature>
		<feature>
			<name>Oblique Motion</name>
			<v>6.463E-1</v>
		</feature>
		<feature>
			<name>Parallel Fifths</name>
			<v>0E0</v>
		</feature>
		<feature>
			<name>Parallel Octaves</name>
			<v>1.175E-3</v>
		</feature>
		<feature>
			<name>Dynamic Range</name>
			<v>2E1</v>
		</feature>
		<feature>
			<name>Variation of Dynamics</name>
			<v>7.204E0</v>
		</feature>
		<feature>
			<name>Variation of Dynamics In Each Voice</name>
			<v>0E0</v>
		</feature>
		<feature>
			<name>Average Note to Note Change in Dynamics</name>
			<v>0E0</v>
		</feature>
	</data_set>

	<data_set>
		<data_set_id>C:\Users\Cory\Desktop\jSymbolicTutorialWorkingFiles\01_Comparing_Two_Files\Ockeghem - Missa Mi-mi Kyrie.mid</data_set_id>
		<feature>
			<name>Basic Pitch Histogram</name>
			<v>0E0</v>
			<v>0E0</v>
			<v>0E0</v>
			<v>0E0</v>
			<v>0E0</v>
			<v>0E0</v>
			<v>0E0</v>
			<v>0E0</v>
			<v>0E0</v>
			<v>0E0</v>
			<v>0E0</v>
			<v>0E0</v>
			<v>0E0</v>
			<v>0E0</v>
			<v>0E0</v>
			<v>0E0</v>
			<v>0E0</v>
			<v>0E0</v>
			<v>0E0</v>
			<v>0E0</v>
			<v>0E0</v>
			<v>0E0</v>
			<v>0E0</v>
			<v>0E0</v>
			<v>0E0</v>
			<v>0E0</v>
			<v>0E0</v>
			<v>0E0</v>
			<v>0E0</v>
			<v>0E0</v>
			<v>0E0</v>
			<v>0E0</v>
			<v>0E0</v>
			<v>0E0</v>
			<v>0E0</v>
			<v>0E0</v>
			<v>0E0</v>
			<v>0E0</v>
			<v>0E0</v>
			<v>0E0</v>
			<v>0E0</v>
			<v>0E0</v>
			<v>0E0</v>
			<v>4.505E-3</v>
			<v>0E0</v>
			<v>2.703E-2</v>
			<v>0E0</v>
			<v>1.351E-2</v>
			<v>5.18E-2</v>
			<v>0E0</v>
			<v>5.856E-2</v>
			<v>0E0</v>
			<v>6.757E-2</v>
			<v>4.279E-2</v>
			<v>0E0</v>
			<v>1.126E-1</v>
			<v>2.252E-3</v>
			<v>9.459E-2</v>
			<v>0E0</v>
			<v>8.108E-2</v>
			<v>1.081E-1</v>
			<v>2.252E-3</v>
			<v>9.91E-2</v>
			<v>0E0</v>
			<v>9.234E-2</v>
			<v>4.955E-2</v>
			<v>6.757E-3</v>
			<v>6.081E-2</v>
			<v>2.252E-3</v>
			<v>2.252E-2</v>
			<v>0E0</v>
			<v>0E0</v>
			<v>0E0</v>
			<v>0E0</v>
			<v>0E0</v>
			<v>0E0</v>
			<v>0E0</v>
			<v>0E0</v>
			<v>0E0</v>
			<v>0E0</v>
			<v>0E0</v>
			<v>0E0</v>
			<v>0E0</v>
			<v>0E0</v>
			<v>0E0</v>
			<v>0E0</v>
			<v>0E0</v>
			<v>0E0</v>
			<v>0E0</v>
			<v>0E0</v>
			<v>0E0</v>
			<v>0E0</v>
			<v>0E0</v>
			<v>0E0</v>
			<v>0E0</v>
			<v>0E0</v>
			<v>0E0</v>
			<v>0E0</v>
			<v>0E0</v>
			<v>0E0</v>
			<v>0E0</v>
			<v>0E0</v>
			<v>0E0</v>
			<v>0E0</v>
			<v>0E0</v>
			<v>0E0</v>
			<v>0E0</v>
			<v>0E0</v>
			<v>0E0</v>
			<v>0E0</v>
			<v>0E0</v>
			<v>0E0</v>
			<v>0E0</v>
			<v>0E0</v>
			<v>0E0</v>
			<v>0E0</v>
			<v>0E0</v>
			<v>0E0</v>
			<v>0E0</v>
			<v>0E0</v>
			<v>0E0</v>
			<v>0E0</v>
			<v>0E0</v>
			<v>0E0</v>
			<v>0E0</v>
			<v>0E0</v>
			<v>0E0</v>
			<v>0E0</v>
		</feature>
		<feature>
			<name>Pitch Class Histogram</name>
			<v>1.779E-1</v>
			<v>4.505E-3</v>
			<v>1.441E-1</v>
			<v>0E0</v>
			<v>9.459E-2</v>
			<v>1.599E-1</v>
			<v>2.252E-3</v>
			<v>1.577E-1</v>
			<v>0E0</v>
			<v>1.599E-1</v>
			<v>9.234E-2</v>
			<v>6.757E-3</v>
		</feature>
		<feature>
			<name>Folded Fifths Pitch Class Histogram</name>
			<v>1.599E-1</v>
			<v>1.779E-1</v>
			<v>1.577E-1</v>
			<v>1.441E-1</v>
			<v>1.599E-1</v>
			<v>9.459E-2</v>
			<v>6.757E-3</v>
			<v>2.252E-3</v>
			<v>4.505E-3</v>
			<v>0E0</v>
			<v>0E0</v>
			<v>9.234E-2</v>
		</feature>
		<feature>
			<name>Number of Pitches</name>
			<v>2E1</v>
		</feature>
		<feature>
			<name>Number of Pitch Classes</name>
			<v>1E1</v>
		</feature>
		<feature>
			<name>Number of Common Pitches</name>
			<v>5E0</v>
		</feature>
		<feature>
			<name>Number of Common Pitch Classes</name>
			<v>0E0</v>
		</feature>
		<feature>
			<name>Range</name>
			<v>2.6E1</v>
		</feature>
		<feature>
			<name>Importance of Bass Register</name>
			<v>2.658E-1</v>
		</feature>
		<feature>
			<name>Importance of Middle Register</name>
			<v>7.342E-1</v>
		</feature>
		<feature>
			<name>Importance of High Register</name>
			<v>0E0</v>
		</feature>
		<feature>
			<name>Dominant Spread</name>
			<v>7E0</v>
		</feature>
		<feature>
			<name>Strong Tonal Centres</name>
			<v>2E0</v>
		</feature>
		<feature>
			<name>Mean Pitch</name>
			<v>5.716E1</v>
		</feature>
		<feature>
			<name>Mean Pitch Class</name>
			<v>5.079E0</v>
		</feature>
		<feature>
			<name>Most Common Pitch</name>
			<v>5.5E1</v>
		</feature>
		<feature>
			<name>Most Common Pitch Class</name>
			<v>7E0</v>
		</feature>
		<feature>
			<name>Prevalence of Most Common Pitch</name>
			<v>1.126E-1</v>
		</feature>
		<feature>
			<name>Prevalence of Most Common Pitch Class</name>
			<v>1.779E-1</v>
		</feature>
		<feature>
			<name>Relative Prevalence of Top Pitches</name>
			<v>9.6E-1</v>
		</feature>
		<feature>
			<name>Relative Prevalence of Top Pitch Classes</name>
			<v>8.987E-1</v>
		</feature>
		<feature>
			<name>Interval Between Most Prevalent Pitches</name>
			<v>5E0</v>
		</feature>
		<feature>
			<name>Interval Between Most Prevalent Pitch Classes</name>
			<v>7E0</v>
		</feature>
		<feature>
			<name>Pitch Variability</name>
			<v>6.083E0</v>
		</feature>
		<feature>
			<name>Pitch Class Variability</name>
			<v>3.479E0</v>
		</feature>
		<feature>
			<name>Pitch Class Variability After Folding</name>
			<v>2.994E0</v>
		</feature>
		<feature>
			<name>Pitch Skewness</name>
			<v>-5.609E-1</v>
		</feature>
		<feature>
			<name>Pitch Class Skewness</name>
			<v>6.797E-2</v>
		</feature>
		<feature>
			<name>Pitch Class Skewness After Folding</name>
			<v>1.467E-1</v>
		</feature>
		<feature>
			<name>Pitch Kurtosis</name>
			<v>5.311E0</v>
		</feature>
		<feature>
			<name>Pitch Class Kurtosis</name>
			<v>4.924E0</v>
		</feature>
		<feature>
			<name>Pitch Class Kurtosis After Folding</name>
			<v>7.769E0</v>
		</feature>
		<feature>
			<name>Major or Minor</name>
			<v>0E0</v>
		</feature>
		<feature>
			<name>First Pitch</name>
			<v>5.2E1</v>
		</feature>
		<feature>
			<name>First Pitch Class</name>
			<v>4E0</v>
		</feature>
		<feature>
			<name>Last Pitch</name>
			<v>5.2E1</v>
		</feature>
		<feature>
			<name>Last Pitch Class</name>
			<v>4E0</v>
		</feature>
		<feature>
			<name>Glissando Prevalence</name>
			<v>0E0</v>
		</feature>
		<feature>
			<name>Average Range of Glissandos</name>
			<v>0E0</v>
		</feature>
		<feature>
			<name>Vibrato Prevalence</name>
			<v>0E0</v>
		</feature>
		<feature>
			<name>Microtone Prevalence</name>
			<v>0E0</v>
		</feature>
		<feature>
			<name>Melodic Interval Histogram</name>
			<v>8.409E-2</v>
			<v>1.545E-1</v>
			<v>4.159E-1</v>
			<v>1.341E-1</v>
			<v>7.5E-2</v>
			<v>7.273E-2</v>
			<v>0E0</v>
			<v>5E-2</v>
			<v>0E0</v>
			<v>0E0</v>
			<v>2.273E-3</v>
			<v>0E0</v>
			<v>1.136E-2</v>
			<v>0E0</v>
			<v>0E0</v>
			<v>0E0</v>
			<v>0E0</v>
			<v>0E0</v>
			<v>0E0</v>
			<v>0E0</v>
			<v>0E0</v>
			<v>0E0</v>
			<v>0E0</v>
			<v>0E0</v>
			<v>0E0</v>
			<v>0E0</v>
			<v>0E0</v>
			<v>0E0</v>
			<v>0E0</v>
			<v>0E0</v>
			<v>0E0</v>
			<v>0E0</v>
			<v>0E0</v>
			<v>0E0</v>
			<v>0E0</v>
			<v>0E0</v>
			<v>0E0</v>
			<v>0E0</v>
			<v>0E0</v>
			<v>0E0</v>
			<v>0E0</v>
			<v>0E0</v>
			<v>0E0</v>
			<v>0E0</v>
			<v>0E0</v>
			<v>0E0</v>
			<v>0E0</v>
			<v>0E0</v>
			<v>0E0</v>
			<v>0E0</v>
			<v>0E0</v>
			<v>0E0</v>
			<v>0E0</v>
			<v>0E0</v>
			<v>0E0</v>
			<v>0E0</v>
			<v>0E0</v>
			<v>0E0</v>
			<v>0E0</v>
			<v>0E0</v>
			<v>0E0</v>
			<v>0E0</v>
			<v>0E0</v>
			<v>0E0</v>
			<v>0E0</v>
			<v>0E0</v>
			<v>0E0</v>
			<v>0E0</v>
			<v>0E0</v>
			<v>0E0</v>
			<v>0E0</v>
			<v>0E0</v>
			<v>0E0</v>
			<v>0E0</v>
			<v>0E0</v>
			<v>0E0</v>
			<v>0E0</v>
			<v>0E0</v>
			<v>0E0</v>
			<v>0E0</v>
			<v>0E0</v>
			<v>0E0</v>
			<v>0E0</v>
			<v>0E0</v>
			<v>0E0</v>
			<v>0E0</v>
			<v>0E0</v>
			<v>0E0</v>
			<v>0E0</v>
			<v>0E0</v>
			<v>0E0</v>
			<v>0E0</v>
			<v>0E0</v>
			<v>0E0</v>
			<v>0E0</v>
			<v>0E0</v>
			<v>0E0</v>
			<v>0E0</v>
			<v>0E0</v>
			<v>0E0</v>
			<v>0E0</v>
			<v>0E0</v>
			<v>0E0</v>
			<v>0E0</v>
			<v>0E0</v>
			<v>0E0</v>
			<v>0E0</v>
			<v>0E0</v>
			<v>0E0</v>
			<v>0E0</v>
			<v>0E0</v>
			<v>0E0</v>
			<v>0E0</v>
			<v>0E0</v>
			<v>0E0</v>
			<v>0E0</v>
			<v>0E0</v>
			<v>0E0</v>
			<v>0E0</v>
			<v>0E0</v>
			<v>0E0</v>
			<v>0E0</v>
			<v>0E0</v>
			<v>0E0</v>
			<v>0E0</v>
			<v>0E0</v>
			<v>0E0</v>
			<v>0E0</v>
		</feature>
		<feature>
			<name>Most Common Melodic Interval</name>
			<v>2E0</v>
		</feature>
		<feature>
			<name>Mean Melodic Interval</name>
			<v>2.561E0</v>
		</feature>
		<feature>
			<name>Number of Common Melodic Intervals</name>
			<v>3E0</v>
		</feature>
		<feature>
			<name>Distance Between Most Prevalent Melodic Intervals</name>
			<v>1E0</v>
		</feature>
		<feature>
			<name>Prevalence of Most Common Melodic Interval</name>
			<v>4.159E-1</v>
		</feature>
		<feature>
			<name>Relative Prevalence of Most Common Melodic Intervals</name>
			<v>3.716E-1</v>
		</feature>
		<feature>
			<name>Amount of Arpeggiation</name>
			<v>3.568E-1</v>
		</feature>
		<feature>
			<name>Repeated Notes</name>
			<v>8.409E-2</v>
		</feature>
		<feature>
			<name>Chromatic Motion</name>
			<v>1.545E-1</v>
		</feature>
		<feature>
			<name>Stepwise Motion</name>
			<v>5.705E-1</v>
		</feature>
		<feature>
			<name>Melodic Thirds</name>
			<v>2.091E-1</v>
		</feature>
		<feature>
			<name>Melodic Perfect Fourths</name>
			<v>7.273E-2</v>
		</feature>
		<feature>
			<name>Melodic Tritones</name>
			<v>0E0</v>
		</feature>
		<feature>
			<name>Melodic Perfect Fifths</name>
			<v>5E-2</v>
		</feature>
		<feature>
			<name>Melodic Sixths</name>
			<v>0E0</v>
		</feature>
		<feature>
			<name>Melodic Sevenths</name>
			<v>2.273E-3</v>
		</feature>
		<feature>
			<name>Melodic Octaves</name>
			<v>1.136E-2</v>
		</feature>
		<feature>
			<name>Melodic Large Intervals</name>
			<v>0E0</v>
		</feature>
		<feature>
			<name>Minor Major Melodic Third Ratio</name>
			<v>1.788E0</v>
		</feature>
		<feature>
			<name>Melodic Embellishments</name>
			<v>2.477E-2</v>
		</feature>
		<feature>
			<name>Direction of Melodic Motion</name>
			<v>4.566E-1</v>
		</feature>
		<feature>
			<name>Average Length of Melodic Arcs</name>
			<v>1.752E0</v>
		</feature>
		<feature>
			<name>Average Interval Spanned by Melodic Arcs</name>
			<v>4.857E0</v>
		</feature>
		<feature>
			<name>Melodic Pitch Variety</name>
			<v>5.183E0</v>
		</feature>
		<feature>
			<name>Vertical Interval Histogram</name>
			<v>4.375E-2</v>
			<v>1.372E-3</v>
			<v>4.452E-3</v>
			<v>1.124E-1</v>
			<v>9.422E-2</v>
			<v>1.007E-1</v>
			<v>1.116E-2</v>
			<v>1.649E-1</v>
			<v>5.15E-2</v>
			<v>7.612E-2</v>
			<v>1.42E-2</v>
			<v>3.622E-3</v>
			<v>1.582E-1</v>
			<v>2.286E-3</v>
			<v>4.934E-3</v>
			<v>6.275E-2</v>
			<v>4.602E-2</v>
			<v>8.568E-3</v>
			<v>0E0</v>
			<v>2.947E-2</v>
			<v>2.347E-3</v>
			<v>2.347E-3</v>
			<v>0E0</v>
			<v>0E0</v>
			<v>4.693E-3</v>
			<v>0E0</v>
			<v>0E0</v>
			<v>0E0</v>
			<v>0E0</v>
			<v>0E0</v>
			<v>0E0</v>
			<v>0E0</v>
			<v>0E0</v>
			<v>0E0</v>
			<v>0E0</v>
			<v>0E0</v>
			<v>0E0</v>
			<v>0E0</v>
			<v>0E0</v>
			<v>0E0</v>
			<v>0E0</v>
			<v>0E0</v>
			<v>0E0</v>
			<v>0E0</v>
			<v>0E0</v>
			<v>0E0</v>
			<v>0E0</v>
			<v>0E0</v>
			<v>0E0</v>
			<v>0E0</v>
			<v>0E0</v>
			<v>0E0</v>
			<v>0E0</v>
			<v>0E0</v>
			<v>0E0</v>
			<v>0E0</v>
			<v>0E0</v>
			<v>0E0</v>
			<v>0E0</v>
			<v>0E0</v>
			<v>0E0</v>
			<v>0E0</v>
			<v>0E0</v>
			<v>0E0</v>
			<v>0E0</v>
			<v>0E0</v>
			<v>0E0</v>
			<v>0E0</v>
			<v>0E0</v>
			<v>0E0</v>
			<v>0E0</v>
			<v>0E0</v>
			<v>0E0</v>
			<v>0E0</v>
			<v>0E0</v>
			<v>0E0</v>
			<v>0E0</v>
			<v>0E0</v>
			<v>0E0</v>
			<v>0E0</v>
			<v>0E0</v>
			<v>0E0</v>
			<v>0E0</v>
			<v>0E0</v>
			<v>0E0</v>
			<v>0E0</v>
			<v>0E0</v>
			<v>0E0</v>
			<v>0E0</v>
			<v>0E0</v>
			<v>0E0</v>
			<v>0E0</v>
			<v>0E0</v>
			<v>0E0</v>
			<v>0E0</v>
			<v>0E0</v>
			<v>0E0</v>
			<v>0E0</v>
			<v>0E0</v>
			<v>0E0</v>
			<v>0E0</v>
			<v>0E0</v>
			<v>0E0</v>
			<v>0E0</v>
			<v>0E0</v>
			<v>0E0</v>
			<v>0E0</v>
			<v>0E0</v>
			<v>0E0</v>
			<v>0E0</v>
			<v>0E0</v>
			<v>0E0</v>
			<v>0E0</v>
			<v>0E0</v>
			<v>0E0</v>
			<v>0E0</v>
			<v>0E0</v>
			<v>0E0</v>
			<v>0E0</v>
			<v>0E0</v>
			<v>0E0</v>
			<v>0E0</v>
			<v>0E0</v>
			<v>0E0</v>
			<v>0E0</v>
			<v>0E0</v>
			<v>0E0</v>
			<v>0E0</v>
		</feature>
		<feature>
			<name>Wrapped Vertical Interval Histogram</name>
			<v>2.067E-1</v>
			<v>3.658E-3</v>
			<v>9.386E-3</v>
			<v>1.752E-1</v>
			<v>1.402E-1</v>
			<v>1.092E-1</v>
			<v>1.116E-2</v>
			<v>1.944E-1</v>
			<v>5.385E-2</v>
			<v>7.847E-2</v>
			<v>1.42E-2</v>
			<v>3.622E-3</v>
		</feature>
		<feature>
			<name>Chord Type Histogram</name>
			<v>3.145E-1</v>
			<v>2.903E-1</v>
			<v>2.681E-1</v>
			<v>2.621E-2</v>
			<v>0E0</v>
			<v>7.863E-2</v>
			<v>4.032E-3</v>
			<v>0E0</v>
			<v>6.048E-3</v>
			<v>1.21E-2</v>
			<v>0E0</v>
		</feature>
		<feature>
			<name>Average Number of Simultaneous Pitch Classes</name>
			<v>2.654E0</v>
		</feature>
		<feature>
			<name>Variability of Number of Simultaneous Pitch Classes</name>
			<v>5.759E-1</v>
		</feature>
		<feature>
			<name>Average Number of Simultaneous Pitches</name>
			<v>3.318E0</v>
		</feature>
		<feature>
			<name>Variability of Number of Simultaneous Pitches</name>
			<v>6.601E-1</v>
		</feature>
		<feature>
			<name>Most Common Vertical Interval</name>
			<v>0E0</v>
		</feature>
		<feature>
			<name>Second Most Common Vertical Interval</name>
			<v>7E0</v>
		</feature>
		<feature>
			<name>Distance Between Two Most Common Vertical Intervals</name>
			<v>7E0</v>
		</feature>
		<feature>
			<name>Prevalence of Most Common Vertical Interval</name>
			<v>2.067E-1</v>
		</feature>
		<feature>
			<name>Prevalence of Second Most Common Vertical Interval</name>
			<v>1.944E-1</v>
		</feature>
		<feature>
			<name>Prevalence Ratio of Two Most Common Vertical Intervals</name>
			<v>9.405E-1</v>
		</feature>
		<feature>
			<name>Vertical Unisons</name>
			<v>4.375E-2</v>
		</feature>
		<feature>
			<name>Vertical Minor Seconds</name>
			<v>3.658E-3</v>
		</feature>
		<feature>
			<name>Vertical Thirds</name>
			<v>3.154E-1</v>
		</feature>
		<feature>
			<name>Vertical Tritones</name>
			<v>1.116E-2</v>
		</feature>
		<feature>
			<name>Vertical Perfect Fourths</name>
			<v>1.092E-1</v>
		</feature>
		<feature>
			<name>Vertical Perfect Fifths</name>
			<v>1.944E-1</v>
		</feature>
		<feature>
			<name>Vertical Sixths</name>
			<v>1.323E-1</v>
		</feature>
		<feature>
			<name>Vertical Sevenths</name>
			<v>1.782E-2</v>
		</feature>
		<feature>
			<name>Vertical Octaves</name>
			<v>1.629E-1</v>
		</feature>
		<feature>
			<name>Perfect Vertical Intervals</name>
			<v>5.102E-1</v>
		</feature>
		<feature>
			<name>Vertical Dissonance Ratio</name>
			<v>4.386E-2</v>
		</feature>
		<feature>
			<name>Vertical Minor Third Prevalence</name>
			<v>5.469E-1</v>
		</feature>
		<feature>
			<name>Vertical Major Third Prevalence</name>
			<v>4.727E-1</v>
		</feature>
		<feature>
			<name>Chord Duration</name>
			<v>3.016E0</v>
		</feature>
		<feature>
			<name>Partial Chords</name>
			<v>3.145E-1</v>
		</feature>
		<feature>
			<name>Standard Triads</name>
			<v>5.585E-1</v>
		</feature>
		<feature>
			<name>Diminished and Augmented Triads</name>
			<v>2.621E-2</v>
		</feature>
		<feature>
			<name>Dominant Seventh Chords</name>
			<v>0E0</v>
		</feature>
		<feature>
			<name>Seventh Chords</name>
			<v>1.008E-2</v>
		</feature>
		<feature>
			<name>Non-Standard Chords</name>
			<v>1.169E-1</v>
		</feature>
		<feature>
			<name>Complex Chords</name>
			<v>0E0</v>
		</feature>
		<feature>
			<name>Minor Major Triad Ratio</name>
			<v>1.083E0</v>
		</feature>
		<feature>
			<name>Initial Time Signature</name>
			<v>3E0</v>
			<v>1E0</v>
		</feature>
		<feature>
			<name>Simple Initial Meter</name>
			<v>1E0</v>
		</feature>
		<feature>
			<name>Compound Initial Meter</name>
			<v>0E0</v>
		</feature>
		<feature>
			<name>Complex Initial Meter</name>
			<v>0E0</v>
		</feature>
		<feature>
			<name>Duple Initial Meter</name>
			<v>0E0</v>
		</feature>
		<feature>
			<name>Triple Initial Meter</name>
			<v>1E0</v>
		</feature>
		<feature>
			<name>Quadruple Initial Meter</name>
			<v>0E0</v>
		</feature>
		<feature>
			<name>Metrical Diversity</name>
			<v>2E0</v>
		</feature>
		<feature>
			<name>Total Number of Notes</name>
			<v>4.44E2</v>
		</feature>
		<feature>
			<name>Note Density per Quarter Note</name>
			<v>8.655E-1</v>
		</feature>
		<feature>
			<name>Note Density per Quarter Note per Voice</name>
			<v>2.164E-1</v>
		</feature>
		<feature>
			<name>Note Density per Quarter Note Variability</name>
			<v>4.272E-1</v>
		</feature>
		<feature>
			<name>Rhythmic Value Histogram</name>
			<v>0E0</v>
			<v>0E0</v>
			<v>0E0</v>
			<v>0E0</v>
			<v>6.306E-2</v>
			<v>0E0</v>
			<v>2.928E-1</v>
			<v>3.604E-2</v>
			<v>3.919E-1</v>
			<v>5.631E-2</v>
			<v>1.396E-1</v>
			<v>2.027E-2</v>
		</feature>
		<feature>
			<name>Range of Rhythmic Values</name>
			<v>7E0</v>
		</feature>
		<feature>
			<name>Number of Different Rhythmic Values Present</name>
			<v>7E0</v>
		</feature>
		<feature>
			<name>Number of Common Rhythmic Values Present</name>
			<v>2E0</v>
		</feature>
		<feature>
			<name>Prevalence of Very Short Rhythmic Values</name>
			<v>0E0</v>
		</feature>
		<feature>
			<name>Prevalence of Short Rhythmic Values</name>
			<v>0E0</v>
		</feature>
		<feature>
			<name>Prevalence of Medium Rhythmic Values</name>
			<v>3.559E-1</v>
		</feature>
		<feature>
			<name>Prevalence of Long Rhythmic Values</name>
			<v>9.369E-1</v>
		</feature>
		<feature>
			<name>Prevalence of Very Long Rhythmic Values</name>
			<v>2.162E-1</v>
		</feature>
		<feature>
			<name>Prevalence of Dotted Notes</name>
			<v>1.126E-1</v>
		</feature>
		<feature>
			<name>Shortest Rhythmic Value</name>
			<v>1E0</v>
		</feature>
		<feature>
			<name>Longest Rhythmic Value</name>
			<v>1.2E1</v>
		</feature>
		<feature>
			<name>Mean Rhythmic Value</name>
			<v>4.023E0</v>
		</feature>
		<feature>
			<name>Most Common Rhythmic Value</name>
			<v>4E0</v>
		</feature>
		<feature>
			<name>Prevalence of Most Common Rhythmic Value</name>
			<v>3.919E-1</v>
		</feature>
		<feature>
			<name>Relative Prevalence of Most Common Rhythmic Values</name>
			<v>7.471E-1</v>
		</feature>
		<feature>
			<name>Difference Between Most Common Rhythmic Values</name>
			<v>2E0</v>
		</feature>
		<feature>
			<name>Rhythmic Value Variability</name>
			<v>2.354E0</v>
		</feature>
		<feature>
			<name>Rhythmic Value Skewness</name>
			<v>2.87E-2</v>
		</feature>
		<feature>
			<name>Rhythmic Value Kurtosis</name>
			<v>7.256E0</v>
		</feature>
		<feature>
			<name>Rhythmic Value Median Run Lengths Histogram</name>
			<v>0E0</v>
			<v>0E0</v>
			<v>0E0</v>
			<v>0E0</v>
			<v>1.429E-1</v>
			<v>0E0</v>
			<v>1.429E-1</v>
			<v>1.429E-1</v>
			<v>1.429E-1</v>
			<v>1.429E-1</v>
			<v>1.429E-1</v>
			<v>1.429E-1</v>
		</feature>
		<feature>
			<name>Mean Rhythmic Value Run Length</name>
			<v>1.521E0</v>
		</feature>
		<feature>
			<name>Median Rhythmic Value Run Length</name>
			<v>1E0</v>
		</feature>
		<feature>
			<name>Variability in Rhythmic Value Run Lengths</name>
			<v>9.894E-1</v>
		</feature>
		<feature>
			<name>Rhythmic Value Variability in Run Lengths Histogram</name>
			<v>0E0</v>
			<v>0E0</v>
			<v>0E0</v>
			<v>0E0</v>
			<v>1.669E-1</v>
			<v>0E0</v>
			<v>3.049E-1</v>
			<v>0E0</v>
			<v>2.509E-1</v>
			<v>0E0</v>
			<v>2.773E-1</v>
			<v>0E0</v>
		</feature>
		<feature>
			<name>Mean Rhythmic Value Offset</name>
			<v>3.604E-2</v>
		</feature>
		<feature>
			<name>Median Rhythmic Value Offset</name>
			<v>0E0</v>
		</feature>
		<feature>
			<name>Variability of Rhythmic Value Offsets</name>
			<v>3.784E-1</v>
		</feature>
		<feature>
			<name>Complete Rests Fraction</name>
			<v>2.09E-3</v>
		</feature>
		<feature>
			<name>Partial Rests Fraction</name>
			<v>4.116E-1</v>
		</feature>
		<feature>
			<name>Average Rest Fraction Across Voices</name>
			<v>1.224E-1</v>
		</feature>
		<feature>
			<name>Longest Complete Rest</name>
			<v>1.072E0</v>
		</feature>
		<feature>
			<name>Longest Partial Rest</name>
			<v>4.757E1</v>
		</feature>
		<feature>
			<name>Mean Complete Rest Duration</name>
			<v>1.072E0</v>
		</feature>
		<feature>
			<name>Mean Partial Rest Duration</name>
			<v>8.659E0</v>
		</feature>
		<feature>
			<name>Median Complete Rest Duration</name>
			<v>1.072E0</v>
		</feature>
		<feature>
			<name>Median Partial Rest Duration</name>
			<v>4.324E0</v>
		</feature>
		<feature>
			<name>Variability of Complete Rest Durations</name>
			<v>0E0</v>
		</feature>
		<feature>
			<name>Variability of Partial Rest Durations</name>
			<v>1.203E1</v>
		</feature>
		<feature>
			<name>Variability Across Voices of Combined Rests</name>
			<v>4.535E1</v>
		</feature>
		<feature>
			<name>Beat Histogram Tempo Standardized</name>
			<v>1.418E-1</v>
			<v>0E0</v>
			<v>0E0</v>
			<v>0E0</v>
			<v>0E0</v>
			<v>0E0</v>
			<v>0E0</v>
			<v>0E0</v>
			<v>0E0</v>
			<v>0E0</v>
			<v>0E0</v>
			<v>0E0</v>
			<v>0E0</v>
			<v>0E0</v>
			<v>0E0</v>
			<v>0E0</v>
			<v>0E0</v>
			<v>0E0</v>
			<v>0E0</v>
			<v>0E0</v>
			<v>7.282E-1</v>
			<v>0E0</v>
			<v>0E0</v>
			<v>0E0</v>
			<v>0E0</v>
			<v>0E0</v>
			<v>0E0</v>
			<v>0E0</v>
			<v>0E0</v>
			<v>0E0</v>
			<v>0E0</v>
			<v>0E0</v>
			<v>0E0</v>
			<v>0E0</v>
			<v>0E0</v>
			<v>0E0</v>
			<v>0E0</v>
			<v>0E0</v>
			<v>0E0</v>
			<v>0E0</v>
			<v>0E0</v>
			<v>0E0</v>
			<v>0E0</v>
			<v>0E0</v>
			<v>0E0</v>
			<v>0E0</v>
			<v>0E0</v>
			<v>0E0</v>
			<v>0E0</v>
			<v>0E0</v>
			<v>0E0</v>
			<v>0E0</v>
			<v>0E0</v>
			<v>0E0</v>
			<v>0E0</v>
			<v>0E0</v>
			<v>0E0</v>
			<v>0E0</v>
			<v>0E0</v>
			<v>0E0</v>
			<v>0E0</v>
			<v>0E0</v>
			<v>0E0</v>
			<v>0E0</v>
			<v>0E0</v>
			<v>0E0</v>
			<v>0E0</v>
			<v>0E0</v>
			<v>0E0</v>
			<v>0E0</v>
			<v>0E0</v>
			<v>0E0</v>
			<v>0E0</v>
			<v>0E0</v>
			<v>0E0</v>
			<v>0E0</v>
			<v>0E0</v>
			<v>0E0</v>
			<v>0E0</v>
			<v>0E0</v>
			<v>1.3E-1</v>
			<v>0E0</v>
			<v>0E0</v>
			<v>0E0</v>
			<v>0E0</v>
			<v>0E0</v>
			<v>0E0</v>
			<v>0E0</v>
			<v>0E0</v>
			<v>0E0</v>
			<v>0E0</v>
			<v>0E0</v>
			<v>0E0</v>
			<v>0E0</v>
			<v>0E0</v>
			<v>0E0</v>
			<v>0E0</v>
			<v>0E0</v>
			<v>0E0</v>
			<v>0E0</v>
			<v>0E0</v>
			<v>0E0</v>
			<v>0E0</v>
			<v>0E0</v>
			<v>0E0</v>
			<v>0E0</v>
			<v>0E0</v>
			<v>0E0</v>
			<v>0E0</v>
			<v>0E0</v>
			<v>0E0</v>
			<v>0E0</v>
			<v>0E0</v>
			<v>0E0</v>
			<v>0E0</v>
			<v>0E0</v>
			<v>0E0</v>
			<v>0E0</v>
			<v>0E0</v>
			<v>0E0</v>
			<v>0E0</v>
			<v>0E0</v>
			<v>0E0</v>
			<v>0E0</v>
			<v>0E0</v>
			<v>0E0</v>
			<v>0E0</v>
			<v>0E0</v>
			<v>0E0</v>
			<v>0E0</v>
			<v>0E0</v>
			<v>0E0</v>
			<v>0E0</v>
			<v>0E0</v>
			<v>0E0</v>
			<v>0E0</v>
			<v>0E0</v>
			<v>0E0</v>
			<v>0E0</v>
			<v>0E0</v>
			<v>0E0</v>
			<v>0E0</v>
			<v>0E0</v>
			<v>0E0</v>
			<v>0E0</v>
			<v>0E0</v>
			<v>0E0</v>
			<v>0E0</v>
			<v>0E0</v>
			<v>0E0</v>
			<v>0E0</v>
			<v>0E0</v>
			<v>0E0</v>
			<v>0E0</v>
			<v>0E0</v>
			<v>0E0</v>
			<v>0E0</v>
			<v>0E0</v>
			<v>0E0</v>
			<v>0E0</v>
			<v>0E0</v>
		</feature>
		<feature>
			<name>Number of Strong Rhythmic Pulses - Tempo Standardized</name>
			<v>3E0</v>
		</feature>
		<feature>
			<name>Number of Moderate Rhythmic Pulses - Tempo Standardized</name>
			<v>3E0</v>
		</feature>
		<feature>
			<name>Number of Relatively Strong Rhythmic Pulses - Tempo Standardized</name>
			<v>1E0</v>
		</feature>
		<feature>
			<name>Strongest Rhythmic Pulse - Tempo Standardized</name>
			<v>6E1</v>
		</feature>
		<feature>
			<name>Second Strongest Rhythmic Pulse - Tempo Standardized</name>
			<v>4E1</v>
		</feature>
		<feature>
			<name>Harmonicity of Two Strongest Rhythmic Pulses - Tempo Standardized</name>
			<v>1.5E0</v>
		</feature>
		<feature>
			<name>Strength of Strongest Rhythmic Pulse - Tempo Standardized</name>
			<v>7.282E-1</v>
		</feature>
		<feature>
			<name>Strength of Second Strongest Rhythmic Pulse - Tempo Standardized</name>
			<v>1.418E-1</v>
		</feature>
		<feature>
			<name>Strength Ratio of Two Strongest Rhythmic Pulses - Tempo Standardized</name>
			<v>5.135E0</v>
		</feature>
		<feature>
			<name>Combined Strength of Two Strongest Rhythmic Pulses - Tempo Standardized</name>
			<v>8.7E-1</v>
		</feature>
		<feature>
			<name>Rhythmic Variability - Tempo Standardized</name>
			<v>5.922E-2</v>
		</feature>
		<feature>
			<name>Rhythmic Looseness - Tempo Standardized</name>
			<v>0E0</v>
		</feature>
		<feature>
			<name>Polyrhythms - Tempo Standardized</name>
			<v>1E0</v>
		</feature>
		<feature>
			<name>Initial Tempo</name>
			<v>2.52E2</v>
		</feature>
		<feature>
			<name>Mean Tempo</name>
			<v>2.754E2</v>
		</feature>
		<feature>
			<name>Tempo Variability</name>
			<v>2.926E1</v>
		</feature>
		<feature>
			<name>Duration in Seconds</name>
			<v>1.13E2</v>
		</feature>
		<feature>
			<name>Note Density</name>
			<v>3.93E0</v>
		</feature>
		<feature>
			<name>Note Density Variability</name>
			<v>1.305E0</v>
		</feature>
		<feature>
			<name>Average Time Between Attacks</name>
			<v>5.449E-1</v>
		</feature>
		<feature>
			<name>Average Time Between Attacks for Each Voice</name>
			<v>1.037E0</v>
		</feature>
		<feature>
			<name>Variability of Time Between Attacks</name>
			<v>3.027E-1</v>
		</feature>
		<feature>
			<name>Average Variability of Time Between Attacks for Each Voice</name>
			<v>9.457E-1</v>
		</feature>
		<feature>
			<name>Minimum Note Duration</name>
			<v>1.923E-1</v>
		</feature>
		<feature>
			<name>Maximum Note Duration</name>
			<v>3.81E0</v>
		</feature>
		<feature>
			<name>Average Note Duration</name>
			<v>8.933E-1</v>
		</feature>
		<feature>
			<name>Variability of Note Durations</name>
			<v>5.388E-1</v>
		</feature>
		<feature>
			<name>Amount of Staccato</name>
			<v>0E0</v>
		</feature>
		<feature>
			<name>Beat Histogram</name>
			<v>0E0</v>
			<v>0E0</v>
			<v>0E0</v>
			<v>0E0</v>
			<v>0E0</v>
			<v>0E0</v>
			<v>2.959E-1</v>
			<v>0E0</v>
			<v>0E0</v>
			<v>0E0</v>
			<v>0E0</v>
			<v>0E0</v>
			<v>0E0</v>
			<v>0E0</v>
			<v>0E0</v>
			<v>4.16E-2</v>
			<v>0E0</v>
			<v>0E0</v>
			<v>0E0</v>
			<v>0E0</v>
			<v>0E0</v>
			<v>0E0</v>
			<v>0E0</v>
			<v>0E0</v>
			<v>0E0</v>
			<v>0E0</v>
			<v>0E0</v>
			<v>0E0</v>
			<v>3.711E-1</v>
			<v>0E0</v>
			<v>0E0</v>
			<v>0E0</v>
			<v>0E0</v>
			<v>0E0</v>
			<v>0E0</v>
			<v>0E0</v>
			<v>0E0</v>
			<v>0E0</v>
			<v>0E0</v>
			<v>0E0</v>
			<v>0E0</v>
			<v>0E0</v>
			<v>0E0</v>
			<v>0E0</v>
			<v>0E0</v>
			<v>0E0</v>
			<v>0E0</v>
			<v>0E0</v>
			<v>0E0</v>
			<v>0E0</v>
			<v>0E0</v>
			<v>4.75E-2</v>
			<v>0E0</v>
			<v>0E0</v>
			<v>0E0</v>
			<v>0E0</v>
			<v>0E0</v>
			<v>0E0</v>
			<v>0E0</v>
			<v>0E0</v>
			<v>0E0</v>
			<v>0E0</v>
			<v>0E0</v>
			<v>0E0</v>
			<v>0E0</v>
			<v>0E0</v>
			<v>0E0</v>
			<v>0E0</v>
			<v>0E0</v>
			<v>0E0</v>
			<v>0E0</v>
			<v>0E0</v>
			<v>0E0</v>
			<v>0E0</v>
			<v>0E0</v>
			<v>0E0</v>
			<v>0E0</v>
			<v>0E0</v>
			<v>0E0</v>
			<v>0E0</v>
			<v>0E0</v>
			<v>0E0</v>
			<v>0E0</v>
			<v>0E0</v>
			<v>0E0</v>
			<v>0E0</v>
			<v>0E0</v>
			<v>0E0</v>
			<v>0E0</v>
			<v>0E0</v>
			<v>0E0</v>
			<v>0E0</v>
			<v>0E0</v>
			<v>0E0</v>
			<v>0E0</v>
			<v>0E0</v>
			<v>2.439E-1</v>
			<v>0E0</v>
			<v>0E0</v>
			<v>0E0</v>
			<v>0E0</v>
			<v>0E0</v>
			<v>0E0</v>
			<v>0E0</v>
			<v>0E0</v>
			<v>0E0</v>
			<v>0E0</v>
			<v>0E0</v>
			<v>0E0</v>
			<v>0E0</v>
			<v>0E0</v>
			<v>0E0</v>
			<v>0E0</v>
			<v>0E0</v>
			<v>0E0</v>
			<v>0E0</v>
			<v>0E0</v>
			<v>0E0</v>
			<v>0E0</v>
			<v>0E0</v>
			<v>0E0</v>
			<v>0E0</v>
			<v>0E0</v>
			<v>0E0</v>
			<v>0E0</v>
			<v>0E0</v>
			<v>0E0</v>
			<v>0E0</v>
			<v>0E0</v>
			<v>0E0</v>
			<v>0E0</v>
			<v>0E0</v>
			<v>0E0</v>
			<v>0E0</v>
			<v>0E0</v>
			<v>0E0</v>
			<v>0E0</v>
			<v>0E0</v>
			<v>0E0</v>
			<v>0E0</v>
			<v>0E0</v>
			<v>0E0</v>
			<v>0E0</v>
			<v>0E0</v>
			<v>0E0</v>
			<v>0E0</v>
			<v>0E0</v>
			<v>0E0</v>
			<v>0E0</v>
			<v>0E0</v>
			<v>0E0</v>
			<v>0E0</v>
			<v>0E0</v>
			<v>0E0</v>
			<v>0E0</v>
			<v>0E0</v>
			<v>0E0</v>
			<v>0E0</v>
			<v>0E0</v>
			<v>0E0</v>
			<v>0E0</v>
		</feature>
		<feature>
			<name>Number of Strong Rhythmic Pulses</name>
			<v>3E0</v>
		</feature>
		<feature>
			<name>Number of Moderate Rhythmic Pulses</name>
			<v>5E0</v>
		</feature>
		<feature>
			<name>Number of Relatively Strong Rhythmic Pulses</name>
			<v>3E0</v>
		</feature>
		<feature>
			<name>Strongest Rhythmic Pulse</name>
			<v>6.8E1</v>
		</feature>
		<feature>
			<name>Second Strongest Rhythmic Pulse</name>
			<v>4.6E1</v>
		</feature>
		<feature>
			<name>Harmonicity of Two Strongest Rhythmic Pulses</name>
			<v>1.478E0</v>
		</feature>
		<feature>
			<name>Strength of Strongest Rhythmic Pulse</name>
			<v>3.711E-1</v>
		</feature>
		<feature>
			<name>Strength of Second Strongest Rhythmic Pulse</name>
			<v>2.959E-1</v>
		</feature>
		<feature>
			<name>Strength Ratio of Two Strongest Rhythmic Pulses</name>
			<v>1.254E0</v>
		</feature>
		<feature>
			<name>Combined Strength of Two Strongest Rhythmic Pulses</name>
			<v>6.67E-1</v>
		</feature>
		<feature>
			<name>Rhythmic Variability</name>
			<v>4.202E-2</v>
		</feature>
		<feature>
			<name>Rhythmic Looseness</name>
			<v>0E0</v>
		</feature>
		<feature>
			<name>Polyrhythms</name>
			<v>6.667E-1</v>
		</feature>
		<feature>
			<name>Pitched Instruments Present</name>
			<v>0E0</v>
			<v>0E0</v>
			<v>0E0</v>
			<v>0E0</v>
			<v>0E0</v>
			<v>0E0</v>
			<v>0E0</v>
			<v>0E0</v>
			<v>0E0</v>
			<v>0E0</v>
			<v>0E0</v>
			<v>0E0</v>
			<v>0E0</v>
			<v>0E0</v>
			<v>0E0</v>
			<v>0E0</v>
			<v>0E0</v>
			<v>0E0</v>
			<v>0E0</v>
			<v>0E0</v>
			<v>0E0</v>
			<v>0E0</v>
			<v>0E0</v>
			<v>0E0</v>
			<v>0E0</v>
			<v>0E0</v>
			<v>0E0</v>
			<v>0E0</v>
			<v>0E0</v>
			<v>0E0</v>
			<v>0E0</v>
			<v>0E0</v>
			<v>0E0</v>
			<v>0E0</v>
			<v>0E0</v>
			<v>0E0</v>
			<v>0E0</v>
			<v>0E0</v>
			<v>0E0</v>
			<v>0E0</v>
			<v>0E0</v>
			<v>0E0</v>
			<v>0E0</v>
			<v>0E0</v>
			<v>0E0</v>
			<v>0E0</v>
			<v>0E0</v>
			<v>0E0</v>
			<v>0E0</v>
			<v>0E0</v>
			<v>0E0</v>
			<v>0E0</v>
			<v>0E0</v>
			<v>0E0</v>
			<v>0E0</v>
			<v>0E0</v>
			<v>0E0</v>
			<v>0E0</v>
			<v>0E0</v>
			<v>0E0</v>
			<v>0E0</v>
			<v>0E0</v>
			<v>0E0</v>
			<v>0E0</v>
			<v>0E0</v>
			<v>0E0</v>
			<v>0E0</v>
			<v>0E0</v>
			<v>1E0</v>
			<v>0E0</v>
			<v>1E0</v>
			<v>1E0</v>
			<v>0E0</v>
			<v>1E0</v>
			<v>0E0</v>
			<v>0E0</v>
			<v>0E0</v>
			<v>0E0</v>
			<v>0E0</v>
			<v>0E0</v>
			<v>0E0</v>
			<v>0E0</v>
			<v>0E0</v>
			<v>0E0</v>
			<v>0E0</v>
			<v>0E0</v>
			<v>0E0</v>
			<v>0E0</v>
			<v>0E0</v>
			<v>0E0</v>
			<v>0E0</v>
			<v>0E0</v>
			<v>0E0</v>
			<v>0E0</v>
			<v>0E0</v>
			<v>0E0</v>
			<v>0E0</v>
			<v>0E0</v>
			<v>0E0</v>
			<v>0E0</v>
			<v>0E0</v>
			<v>0E0</v>
			<v>0E0</v>
			<v>0E0</v>
			<v>0E0</v>
			<v>0E0</v>
			<v>0E0</v>
			<v>0E0</v>
			<v>0E0</v>
			<v>0E0</v>
			<v>0E0</v>
			<v>0E0</v>
			<v>0E0</v>
			<v>0E0</v>
			<v>0E0</v>
			<v>0E0</v>
			<v>0E0</v>
			<v>0E0</v>
			<v>0E0</v>
			<v>0E0</v>
			<v>0E0</v>
			<v>0E0</v>
			<v>0E0</v>
			<v>0E0</v>
			<v>0E0</v>
			<v>0E0</v>
			<v>0E0</v>
			<v>0E0</v>
		</feature>
		<feature>
			<name>Unpitched Instruments Present</name>
			<v>0E0</v>
			<v>0E0</v>
			<v>0E0</v>
			<v>0E0</v>
			<v>0E0</v>
			<v>0E0</v>
			<v>0E0</v>
			<v>0E0</v>
			<v>0E0</v>
			<v>0E0</v>
			<v>0E0</v>
			<v>0E0</v>
			<v>0E0</v>
			<v>0E0</v>
			<v>0E0</v>
			<v>0E0</v>
			<v>0E0</v>
			<v>0E0</v>
			<v>0E0</v>
			<v>0E0</v>
			<v>0E0</v>
			<v>0E0</v>
			<v>0E0</v>
			<v>0E0</v>
			<v>0E0</v>
			<v>0E0</v>
			<v>0E0</v>
			<v>0E0</v>
			<v>0E0</v>
			<v>0E0</v>
			<v>0E0</v>
			<v>0E0</v>
			<v>0E0</v>
			<v>0E0</v>
			<v>0E0</v>
			<v>0E0</v>
			<v>0E0</v>
			<v>0E0</v>
			<v>0E0</v>
			<v>0E0</v>
			<v>0E0</v>
			<v>0E0</v>
			<v>0E0</v>
			<v>0E0</v>
			<v>0E0</v>
			<v>0E0</v>
			<v>0E0</v>
		</feature>
		<feature>
			<name>Note Prevalence of Pitched Instruments</name>
			<v>0E0</v>
			<v>0E0</v>
			<v>0E0</v>
			<v>0E0</v>
			<v>0E0</v>
			<v>0E0</v>
			<v>0E0</v>
			<v>0E0</v>
			<v>0E0</v>
			<v>0E0</v>
			<v>0E0</v>
			<v>0E0</v>
			<v>0E0</v>
			<v>0E0</v>
			<v>0E0</v>
			<v>0E0</v>
			<v>0E0</v>
			<v>0E0</v>
			<v>0E0</v>
			<v>0E0</v>
			<v>0E0</v>
			<v>0E0</v>
			<v>0E0</v>
			<v>0E0</v>
			<v>0E0</v>
			<v>0E0</v>
			<v>0E0</v>
			<v>0E0</v>
			<v>0E0</v>
			<v>0E0</v>
			<v>0E0</v>
			<v>0E0</v>
			<v>0E0</v>
			<v>0E0</v>
			<v>0E0</v>
			<v>0E0</v>
			<v>0E0</v>
			<v>0E0</v>
			<v>0E0</v>
			<v>0E0</v>
			<v>0E0</v>
			<v>0E0</v>
			<v>0E0</v>
			<v>0E0</v>
			<v>0E0</v>
			<v>0E0</v>
			<v>0E0</v>
			<v>0E0</v>
			<v>0E0</v>
			<v>0E0</v>
			<v>0E0</v>
			<v>0E0</v>
			<v>0E0</v>
			<v>0E0</v>
			<v>0E0</v>
			<v>0E0</v>
			<v>0E0</v>
			<v>0E0</v>
			<v>0E0</v>
			<v>0E0</v>
			<v>0E0</v>
			<v>0E0</v>
			<v>0E0</v>
			<v>0E0</v>
			<v>0E0</v>
			<v>0E0</v>
			<v>0E0</v>
			<v>0E0</v>
			<v>1.982E-1</v>
			<v>0E0</v>
			<v>2.883E-1</v>
			<v>2.05E-1</v>
			<v>0E0</v>
			<v>3.086E-1</v>
			<v>0E0</v>
			<v>0E0</v>
			<v>0E0</v>
			<v>0E0</v>
			<v>0E0</v>
			<v>0E0</v>
			<v>0E0</v>
			<v>0E0</v>
			<v>0E0</v>
			<v>0E0</v>
			<v>0E0</v>
			<v>0E0</v>
			<v>0E0</v>
			<v>0E0</v>
			<v>0E0</v>
			<v>0E0</v>
			<v>0E0</v>
			<v>0E0</v>
			<v>0E0</v>
			<v>0E0</v>
			<v>0E0</v>
			<v>0E0</v>
			<v>0E0</v>
			<v>0E0</v>
			<v>0E0</v>
			<v>0E0</v>
			<v>0E0</v>
			<v>0E0</v>
			<v>0E0</v>
			<v>0E0</v>
			<v>0E0</v>
			<v>0E0</v>
			<v>0E0</v>
			<v>0E0</v>
			<v>0E0</v>
			<v>0E0</v>
			<v>0E0</v>
			<v>0E0</v>
			<v>0E0</v>
			<v>0E0</v>
			<v>0E0</v>
			<v>0E0</v>
			<v>0E0</v>
			<v>0E0</v>
			<v>0E0</v>
			<v>0E0</v>
			<v>0E0</v>
			<v>0E0</v>
			<v>0E0</v>
			<v>0E0</v>
			<v>0E0</v>
			<v>0E0</v>
			<v>0E0</v>
			<v>0E0</v>
		</feature>
		<feature>
			<name>Note Prevalence of Unpitched Instruments</name>
			<v>0E0</v>
			<v>0E0</v>
			<v>0E0</v>
			<v>0E0</v>
			<v>0E0</v>
			<v>0E0</v>
			<v>0E0</v>
			<v>0E0</v>
			<v>0E0</v>
			<v>0E0</v>
			<v>0E0</v>
			<v>0E0</v>
			<v>0E0</v>
			<v>0E0</v>
			<v>0E0</v>
			<v>0E0</v>
			<v>0E0</v>
			<v>0E0</v>
			<v>0E0</v>
			<v>0E0</v>
			<v>0E0</v>
			<v>0E0</v>
			<v>0E0</v>
			<v>0E0</v>
			<v>0E0</v>
			<v>0E0</v>
			<v>0E0</v>
			<v>0E0</v>
			<v>0E0</v>
			<v>0E0</v>
			<v>0E0</v>
			<v>0E0</v>
			<v>0E0</v>
			<v>0E0</v>
			<v>0E0</v>
			<v>0E0</v>
			<v>0E0</v>
			<v>0E0</v>
			<v>0E0</v>
			<v>0E0</v>
			<v>0E0</v>
			<v>0E0</v>
			<v>0E0</v>
			<v>0E0</v>
			<v>0E0</v>
			<v>0E0</v>
			<v>0E0</v>
		</feature>
		<feature>
			<name>Time Prevalence of Pitched Instruments</name>
			<v>0E0</v>
			<v>0E0</v>
			<v>0E0</v>
			<v>0E0</v>
			<v>0E0</v>
			<v>0E0</v>
			<v>0E0</v>
			<v>0E0</v>
			<v>0E0</v>
			<v>0E0</v>
			<v>0E0</v>
			<v>0E0</v>
			<v>0E0</v>
			<v>0E0</v>
			<v>0E0</v>
			<v>0E0</v>
			<v>0E0</v>
			<v>0E0</v>
			<v>0E0</v>
			<v>0E0</v>
			<v>0E0</v>
			<v>0E0</v>
			<v>0E0</v>
			<v>0E0</v>
			<v>0E0</v>
			<v>0E0</v>
			<v>0E0</v>
			<v>0E0</v>
			<v>0E0</v>
			<v>0E0</v>
			<v>0E0</v>
			<v>0E0</v>
			<v>0E0</v>
			<v>0E0</v>
			<v>0E0</v>
			<v>0E0</v>
			<v>0E0</v>
			<v>0E0</v>
			<v>0E0</v>
			<v>0E0</v>
			<v>0E0</v>
			<v>0E0</v>
			<v>0E0</v>
			<v>0E0</v>
			<v>0E0</v>
			<v>0E0</v>
			<v>0E0</v>
			<v>0E0</v>
			<v>0E0</v>
			<v>0E0</v>
			<v>0E0</v>
			<v>0E0</v>
			<v>0E0</v>
			<v>0E0</v>
			<v>0E0</v>
			<v>0E0</v>
			<v>0E0</v>
			<v>0E0</v>
			<v>0E0</v>
			<v>0E0</v>
			<v>0E0</v>
			<v>0E0</v>
			<v>0E0</v>
			<v>0E0</v>
			<v>0E0</v>
			<v>0E0</v>
			<v>0E0</v>
			<v>0E0</v>
			<v>7.946E-1</v>
			<v>0E0</v>
			<v>9.464E-1</v>
			<v>8.125E-1</v>
			<v>0E0</v>
			<v>9.643E-1</v>
			<v>0E0</v>
			<v>0E0</v>
			<v>0E0</v>
			<v>0E0</v>
			<v>0E0</v>
			<v>0E0</v>
			<v>0E0</v>
			<v>0E0</v>
			<v>0E0</v>
			<v>0E0</v>
			<v>0E0</v>
			<v>0E0</v>
			<v>0E0</v>
			<v>0E0</v>
			<v>0E0</v>
			<v>0E0</v>
			<v>0E0</v>
			<v>0E0</v>
			<v>0E0</v>
			<v>0E0</v>
			<v>0E0</v>
			<v>0E0</v>
			<v>0E0</v>
			<v>0E0</v>
			<v>0E0</v>
			<v>0E0</v>
			<v>0E0</v>
			<v>0E0</v>
			<v>0E0</v>
			<v>0E0</v>
			<v>0E0</v>
			<v>0E0</v>
			<v>0E0</v>
			<v>0E0</v>
			<v>0E0</v>
			<v>0E0</v>
			<v>0E0</v>
			<v>0E0</v>
			<v>0E0</v>
			<v>0E0</v>
			<v>0E0</v>
			<v>0E0</v>
			<v>0E0</v>
			<v>0E0</v>
			<v>0E0</v>
			<v>0E0</v>
			<v>0E0</v>
			<v>0E0</v>
			<v>0E0</v>
			<v>0E0</v>
			<v>0E0</v>
			<v>0E0</v>
			<v>0E0</v>
			<v>0E0</v>
		</feature>
		<feature>
			<name>Variability of Note Prevalence of Pitched Instruments</name>
			<v>2.513E1</v>
		</feature>
		<feature>
			<name>Variability of Note Prevalence of Unpitched Instruments</name>
			<v>0E0</v>
		</feature>
		<feature>
			<name>Number of Pitched Instruments</name>
			<v>4E0</v>
		</feature>
		<feature>
			<name>Number of Unpitched Instruments</name>
			<v>0E0</v>
		</feature>
		<feature>
			<name>Unpitched Percussion Instrument Prevalence</name>
			<v>0E0</v>
		</feature>
		<feature>
			<name>String Keyboard Prevalence</name>
			<v>0E0</v>
		</feature>
		<feature>
			<name>Acoustic Guitar Prevalence</name>
			<v>0E0</v>
		</feature>
		<feature>
			<name>Electric Guitar Prevalence</name>
			<v>0E0</v>
		</feature>
		<feature>
			<name>Violin Prevalence</name>
			<v>0E0</v>
		</feature>
		<feature>
			<name>Saxophone Prevalence</name>
			<v>0E0</v>
		</feature>
		<feature>
			<name>Brass Prevalence</name>
			<v>0E0</v>
		</feature>
		<feature>
			<name>Woodwinds Prevalence</name>
			<v>1E0</v>
		</feature>
		<feature>
			<name>Orchestral Strings Prevalence</name>
			<v>0E0</v>
		</feature>
		<feature>
			<name>String Ensemble Prevalence</name>
			<v>0E0</v>
		</feature>
		<feature>
			<name>Electric Instrument Prevalence</name>
			<v>0E0</v>
		</feature>
		<feature>
			<name>Maximum Number of Independent Voices</name>
			<v>4E0</v>
		</feature>
		<feature>
			<name>Average Number of Independent Voices</name>
			<v>3.52E0</v>
		</feature>
		<feature>
			<name>Variability of Number of Independent Voices</name>
			<v>6.184E-1</v>
		</feature>
		<feature>
			<name>Voice Equality - Number of Notes</name>
			<v>2.513E1</v>
		</feature>
		<feature>
			<name>Voice Equality - Note Duration</name>
			<v>9.987E0</v>
		</feature>
		<feature>
			<name>Voice Equality - Dynamics</name>
			<v>8.539E0</v>
		</feature>
		<feature>
			<name>Voice Equality - Melodic Leaps</name>
			<v>0E0</v>
		</feature>
		<feature>
			<name>Voice Equality - Range</name>
			<v>2.63E0</v>
		</feature>
		<feature>
			<name>Importance of Loudest Voice</name>
			<v>1.167E1</v>
		</feature>
		<feature>
			<name>Relative Range of Loudest Voice</name>
			<v>4.615E-1</v>
		</feature>
		<feature>
			<name>Relative Range Isolation of Loudest Voice</name>
			<v>4.599E-1</v>
		</feature>
		<feature>
			<name>Relative Range of Highest Line</name>
			<v>4.615E-1</v>
		</feature>
		<feature>
			<name>Relative Note Density of Highest Line</name>
			<v>5.766E-1</v>
		</feature>
		<feature>
			<name>Relative Note Durations of Lowest Line</name>
			<v>1.14E0</v>
		</feature>
		<feature>
			<name>Relative Size of Melodic Intervals in Lowest Line</name>
			<v>1E0</v>
		</feature>
		<feature>
			<name>Voice Overlap</name>
			<v>8.131E-1</v>
		</feature>
		<feature>
			<name>Voice Separation</name>
			<v>4.667E0</v>
		</feature>
		<feature>
			<name>Variability of Voice Separation</name>
			<v>2.082E0</v>
		</feature>
		<feature>
			<name>Parallel Motion</name>
			<v>7.598E-2</v>
		</feature>
		<feature>
			<name>Similar Motion</name>
			<v>1.348E-1</v>
		</feature>
		<feature>
			<name>Contrary Motion</name>
			<v>2.475E-1</v>
		</feature>
		<feature>
			<name>Oblique Motion</name>
			<v>5.417E-1</v>
		</feature>
		<feature>
			<name>Parallel Fifths</name>
			<v>9.804E-3</v>
		</feature>
		<feature>
			<name>Parallel Octaves</name>
			<v>9.804E-3</v>
		</feature>
		<feature>
			<name>Dynamic Range</name>
			<v>2E1</v>
		</feature>
		<feature>
			<name>Variation of Dynamics</name>
			<v>7.233E0</v>
		</feature>
		<feature>
			<name>Variation of Dynamics In Each Voice</name>
			<v>0E0</v>
		</feature>
		<feature>
			<name>Average Note to Note Change in Dynamics</name>
			<v>0E0</v>
		</feature>
	</data_set>

</feature_vector_file>