<?xml version="1.0"?>
<!DOCTYPE feature_vector_file [
   <!ELEMENT feature_vector_file (comments, data_set+)>
   <!ELEMENT comments (#PCDATA)>
   <!ELEMENT data_set (data_set_id, section*, feature*)>
   <!ELEMENT data_set_id (#PCDATA)>
   <!ELEMENT section (feature+)>
   <!ATTLIST section start CDATA ""
                     stop CDATA "">
   <!ELEMENT feature (name, v+)>
   <!ELEMENT name (#PCDATA)>
   <!ELEMENT v (#PCDATA)>
]>

<feature_vector_file>

   <comments></comments>

	<data_set>
		<data_set_id>C:\Users\Cory\Desktop\jSymbolicTutorialWorkingFiles\01_Comparing_Two_Files\Josquin - Ave Maria Virgo serena.mid</data_set_id>
		<feature>
			<name>Range</name>
			<v>3.4E1</v>
		</feature>
		<feature>
			<name>Most Common Pitch</name>
			<v>6E1</v>
		</feature>
		<feature>
			<name>Most Common Pitch Class</name>
			<v>0E0</v>
		</feature>
	</data_set>

	<data_set>
		<data_set_id>C:\Users\Cory\Desktop\jSymbolicTutorialWorkingFiles\01_Comparing_Two_Files\Ockeghem - Missa Mi-mi Kyrie.mid</data_set_id>
		<feature>
			<name>Range</name>
			<v>2.6E1</v>
		</feature>
		<feature>
			<name>Most Common Pitch</name>
			<v>5.5E1</v>
		</feature>
		<feature>
			<name>Most Common Pitch Class</name>
			<v>7E0</v>
		</feature>
	</data_set>

</feature_vector_file>