<?xml version="1.0"?>
<!DOCTYPE feature_key_file [
   <!ELEMENT feature_key_file (comments, feature+)>
   <!ELEMENT comments (#PCDATA)>
   <!ELEMENT feature (name, description?, is_sequential, parallel_dimensions)>
   <!ELEMENT name (#PCDATA)>
   <!ELEMENT description (#PCDATA)>
   <!ELEMENT is_sequential (#PCDATA)>
   <!ELEMENT parallel_dimensions (#PCDATA)>
]>

<feature_key_file>

   <comments></comments>

   <feature>
      <name>Basic Pitch Histogram</name>
      <description>A feature vector consisting of bin magnitudes of the basic pitch histogram described in the jSymbolic manual. Each bin corresponds to one of the 128 MIDI pitches, ordered from lowest to highest, and with an interval of a semitone between each (enharmonic equivalents are assigned the same pitch number). Bin 60 corresponds to middle C. The magnitude of of each bin is proportional to the the number of times notes occurred at the bin's pitch in the piece, relative to all other pitches in the piece (the histogram is normalized).</description>
      <is_sequential>true</is_sequential>
      <parallel_dimensions>128</parallel_dimensions>
   </feature>

   <feature>
      <name>Pitch Class Histogram</name>
      <description>A feature vector consisting of bin magnitudes of the pitch class histogram described in the jSymbolic manual. Each bin corresponds to one of the 12 pitch classes, ordered in increasing pitch with an interval of a semitone between each (enharmonic equivalents are assigned the same pitch class number). The first bin corresponds to the most common pitch class in the piece under consideration (it does NOT correspond to a set pitch class). The magnitude of of each bin is proportional to the the number of times notes occurred at the bin's pitch class in the piece, relative to all other pitch classes in the piece (the histogram is normalized).</description>
      <is_sequential>true</is_sequential>
      <parallel_dimensions>12</parallel_dimensions>
   </feature>

   <feature>
      <name>Folded Fifths Pitch Class Histogram</name>
      <description>A feature vector consisting of bin magnitudes of the folded fifths pitch class histogram described in the jSymbolic manual. Each bin corresponds to one of the 12 pitch classes, and the bins are ordered such that adjacent bins are separated by an ascending perfect fifth. Bin 0 corresponds to C. Enharmonic equivalents are assigned the same pitch class number. The magnitude of of each bin is proportional to the the number of times notes occurred at the bin's pitch class in the piece, relative to all other pitch classes in the piece (the histogram is normalized).</description>
      <is_sequential>true</is_sequential>
      <parallel_dimensions>12</parallel_dimensions>
   </feature>

   <feature>
      <name>Number of Pitches</name>
      <description>Number of unique pitches that occur at least once in the piece. Enharmonic equivalents are grouped together for the purpose of this calculation.</description>
      <is_sequential>true</is_sequential>
      <parallel_dimensions>1</parallel_dimensions>
   </feature>

   <feature>
      <name>Number of Pitch Classes</name>
      <description>Number of pitch classes that occur at least once in the piece. Enharmonic equivalents are grouped together for the purpose of this calculation.</description>
      <is_sequential>true</is_sequential>
      <parallel_dimensions>1</parallel_dimensions>
   </feature>

   <feature>
      <name>Number of Common Pitches</name>
      <description>Number of unique pitches that account individually for at least 9% of all notes. Enharmonic equivalents are grouped together for the purpose of this calculation.</description>
      <is_sequential>true</is_sequential>
      <parallel_dimensions>1</parallel_dimensions>
   </feature>

   <feature>
      <name>Number of Common Pitch Classes</name>
      <description>Number of pitch classes that account individually for at least 20% of all notes. Enharmonic equivalents are grouped together for the purpose of this calculation.</description>
      <is_sequential>true</is_sequential>
      <parallel_dimensions>1</parallel_dimensions>
   </feature>

   <feature>
      <name>Range</name>
      <description>Difference in semitones between the highest and lowest pitches.</description>
      <is_sequential>true</is_sequential>
      <parallel_dimensions>1</parallel_dimensions>
   </feature>

   <feature>
      <name>Importance of Bass Register</name>
      <description>Fraction of notes between MIDI pitches 0 and 54.</description>
      <is_sequential>true</is_sequential>
      <parallel_dimensions>1</parallel_dimensions>
   </feature>

   <feature>
      <name>Importance of Middle Register</name>
      <description>Fraction of notes between MIDI pitches 55 and 72.</description>
      <is_sequential>true</is_sequential>
      <parallel_dimensions>1</parallel_dimensions>
   </feature>

   <feature>
      <name>Importance of High Register</name>
      <description>Fraction of notes between MIDI pitches 73 and 127.</description>
      <is_sequential>true</is_sequential>
      <parallel_dimensions>1</parallel_dimensions>
   </feature>

   <feature>
      <name>Dominant Spread</name>
      <description>Largest number of consecutive pitch classes separated by perfect 5ths that each individually account for at least 9% of the total notes in the piece.</description>
      <is_sequential>true</is_sequential>
      <parallel_dimensions>1</parallel_dimensions>
   </feature>

   <feature>
      <name>Strong Tonal Centres</name>
      <description>Number of isolated peaks in the fifths pitch histogram that each individually account for at least 9% of all notes in the piece.</description>
      <is_sequential>true</is_sequential>
      <parallel_dimensions>1</parallel_dimensions>
   </feature>

   <feature>
      <name>Mean Pitch</name>
      <description>Mean MIDI pitch value, averaged across all pitched notes in the piece. Set to 0 if there are no pitched notes.</description>
      <is_sequential>true</is_sequential>
      <parallel_dimensions>1</parallel_dimensions>
   </feature>

   <feature>
      <name>Mean Pitch Class</name>
      <description>Mean pitch class value, averaged across all pitched notes in the piece. A value of 0 corresponds to a mean pitch class of C, and pitches increase chromatically by semitone in integer units from there (e.g. a value of 2 would mean that D is the mean pitch class). Enharmonic equivalents are treated as a single pitch class.</description>
      <is_sequential>true</is_sequential>
      <parallel_dimensions>1</parallel_dimensions>
   </feature>

   <feature>
      <name>Most Common Pitch</name>
      <description>MIDI pitch value of the most frequently occuring pitch.</description>
      <is_sequential>true</is_sequential>
      <parallel_dimensions>1</parallel_dimensions>
   </feature>

   <feature>
      <name>Most Common Pitch Class</name>
      <description>The pitch class that occurs most frequently compared to other pitch classes. A value of 0 corresponds to C, and pitches increase chromatically by semitone in integer untis (e.g. a value of 2 would mean that D is the most common pitch class). Enharmonic equivalents are treated as a single pitch class.</description>
      <is_sequential>true</is_sequential>
      <parallel_dimensions>1</parallel_dimensions>
   </feature>

   <feature>
      <name>Prevalence of Most Common Pitch</name>
      <description>Fraction of notes that correspond to the most common pitch.</description>
      <is_sequential>true</is_sequential>
      <parallel_dimensions>1</parallel_dimensions>
   </feature>

   <feature>
      <name>Prevalence of Most Common Pitch Class</name>
      <description>Fraction of notes that correspond to the most common pitch class.</description>
      <is_sequential>true</is_sequential>
      <parallel_dimensions>1</parallel_dimensions>
   </feature>

   <feature>
      <name>Relative Prevalence of Top Pitches</name>
      <description>Relative frequency of the second most common pitch in the piece, divided by the relative frequency of the most common pitch.</description>
      <is_sequential>true</is_sequential>
      <parallel_dimensions>1</parallel_dimensions>
   </feature>

   <feature>
      <name>Relative Prevalence of Top Pitch Classes</name>
      <description>Relative frequency of the of the second most common pitch class in the piece, divided by the relative frequency of the most common pitch class.</description>
      <is_sequential>true</is_sequential>
      <parallel_dimensions>1</parallel_dimensions>
   </feature>

   <feature>
      <name>Interval Between Most Prevalent Pitches</name>
      <description>Absolute value of the difference (in semitones) between the pitches of the two most frequently occurring pitches.</description>
      <is_sequential>true</is_sequential>
      <parallel_dimensions>1</parallel_dimensions>
   </feature>

   <feature>
      <name>Interval Between Most Prevalent Pitch Classes</name>
      <description>Absolute value of the difference (in semitones) between the pitches of the two most frequently occurring pitch classes.</description>
      <is_sequential>true</is_sequential>
      <parallel_dimensions>1</parallel_dimensions>
   </feature>

   <feature>
      <name>Pitch Variability</name>
      <description>Standard deviation of the MIDI pitches of all pitched notes in the piece. Provides a measure of how close the pitches as a whole are to the mean pitch.</description>
      <is_sequential>true</is_sequential>
      <parallel_dimensions>1</parallel_dimensions>
   </feature>

   <feature>
      <name>Pitch Class Variability</name>
      <description>Standard deviation of the pitch classes (where 0 corresponds to C, 1 to C#/Db, etc.) of all pitched notes in the piece. Provides a measure of how close the pitch classes as a whole are to the mean pitch class.</description>
      <is_sequential>true</is_sequential>
      <parallel_dimensions>1</parallel_dimensions>
   </feature>

   <feature>
      <name>Pitch Class Variability After Folding</name>
      <description>Standard deviation of the pitch classes in the piece after being folded by perfect fifths as described for the folded fifths pitch class histogram. Provides a measure of how close the pitch classes are as a whole from the mean pitch class from a dominant-tonic perspective.</description>
      <is_sequential>true</is_sequential>
      <parallel_dimensions>1</parallel_dimensions>
   </feature>

   <feature>
      <name>Pitch Skewness</name>
      <description>Skewness of the MIDI pitches of all pitched notes in the piece. Provides a measure of how asymmetrical the pitch distribution is to either the left or the right of the mean pitch. A value of zero indicates no skew.</description>
      <is_sequential>true</is_sequential>
      <parallel_dimensions>1</parallel_dimensions>
   </feature>

   <feature>
      <name>Pitch Class Skewness</name>
      <description>Skewness of the pitch classes (where 0 corresponds to C, 1 to C#/Db, etc.) of all pitched notes in the piece. Provides a measure of how asymmetrical the pitch class distribution is to either the left or the right of the mean pitch class. A value of zero indicates no skew.</description>
      <is_sequential>true</is_sequential>
      <parallel_dimensions>1</parallel_dimensions>
   </feature>

   <feature>
      <name>Pitch Class Skewness After Folding</name>
      <description>Skewness of the pitch classes (where 0 corresponds to C, 1 to C#/Db, etc.) of all pitched notes in the piece. Provides a measure of how asymmetrical the pitch class distribution is to either the left or the right of the mean pitch class. A value of zero indicates no skew.</description>
      <is_sequential>true</is_sequential>
      <parallel_dimensions>1</parallel_dimensions>
   </feature>

   <feature>
      <name>Pitch Kurtosis</name>
      <description>Kurtosis of the MIDI pitches of all pitched notes in the piece. Provides a measure of how peaked or flat the pitch distribution is. The higher the kurtosis, the more the pitches are clustered near the mean and the fewer outliers there are.</description>
      <is_sequential>true</is_sequential>
      <parallel_dimensions>1</parallel_dimensions>
   </feature>

   <feature>
      <name>Pitch Class Kurtosis</name>
      <description>Kurtosis of the pitch classes (where 0 corresponds to C, 1 to C#/Db, etc.) of all pitched notes in the piece. Provides a measure of how peaked or flat the pitch class distribution is. The higher the kurtosis, the more the pitch classes are clustered near the mean and the fewer outliers there are.</description>
      <is_sequential>true</is_sequential>
      <parallel_dimensions>1</parallel_dimensions>
   </feature>

   <feature>
      <name>Pitch Class Kurtosis After Folding</name>
      <description>Kurtosis of the pitch classes after being folded by perfect fifths as described for the folded fifths pitch class histogram. Provides a measure of how peaked or flat the pitch classes are from a dominant-tonic perspective.</description>
      <is_sequential>true</is_sequential>
      <parallel_dimensions>1</parallel_dimensions>
   </feature>

   <feature>
      <name>Major or Minor</name>
      <description>Whether the piece is major or minor, as indicated by the first encountered major/minor metadata tag in the piece. Set to 0 if the metadata indicates that the piece is major, or set to 1 if the metadata indicates that it is minor. Defaults to 0 if the key signature is unknown.</description>
      <is_sequential>true</is_sequential>
      <parallel_dimensions>1</parallel_dimensions>
   </feature>

   <feature>
      <name>First Pitch</name>
      <description>The MIDI pitch value of the first note in the piece. If there are multiple notes with simultaneous attacks at the beginning of the piece, then the one with the lowest pitch is selected. Set to 0 if there are no pitched notes.</description>
      <is_sequential>true</is_sequential>
      <parallel_dimensions>1</parallel_dimensions>
   </feature>

   <feature>
      <name>First Pitch Class</name>
      <description>The pitch class of the first note in the piece. If there are multiple notes with simultaneous attacks at the beginning of the piece, then the one with the lowest pitch is selected. A value of 0 corresponds to C, and pitches increase chromatically by semitone in integer units (e.g. a value of 2 would mean that D is the most common pitch class). Enharmonic equivalents are treated as a single pitch class. Set to 0 if there are no pitched notes.</description>
      <is_sequential>true</is_sequential>
      <parallel_dimensions>1</parallel_dimensions>
   </feature>

   <feature>
      <name>Last Pitch</name>
      <description>The MIDI pitch value of the last note in the piece. If there are multiple notes with simultaneous attacks at the end of the piece, then the one with the lowest pitch is selected. Set to 0 if there are no pitched notes.</description>
      <is_sequential>true</is_sequential>
      <parallel_dimensions>1</parallel_dimensions>
   </feature>

   <feature>
      <name>Last Pitch Class</name>
      <description>The pitch class of the last note in the piece. If there are multiple notes with simultaneous attacks at the end of the piece, then the one with the lowest pitch is selected. A value of 0 corresponds to C, and pitches increase chromatically by semitone in integer units (e.g. a value of 2 would mean that D is the most common pitch class). Enharmonic equivalents are treated as a single pitch class. Set to 0 if there are no pitched notes.</description>
      <is_sequential>true</is_sequential>
      <parallel_dimensions>1</parallel_dimensions>
   </feature>

   <feature>
      <name>Melodic Interval Histogram</name>
      <description>A feature vector consisting of the bin magnitudes of the melodic interval histogram described above. Each bin corresponds to a melodic interval, and the bin index indicates the number of semitones comprising the interval associated with the bin (there are 128 bins in all). For example, bin 0 corresponds to repeated pitches, bin 1 to a melodic interval of one semitone, bin 2 to a melodic interval of 2 semitones, etc. The magnitude of each bin is proportional to the fraction of melodic intervals in the piece that are of the kind associated with the bin (this histogram is normalized). Rising and falling intervals are treated as identical. Melodies are assumed to be contained within individual MIDI tracks and channels, so melodic intervals are found separately for each track and channel before being combined in this histogram. It is also assumed that there is only one melody at a time per MIDI channel (if multiple notes occur simultaneously on the same MIDI tick on the same MIDI track and channel, then all notes but the first note on that tick are ignored). Other than this, all notes on the same track and the same channel are treated as if they are part of a single melody. It is also assumed that melodies do not cross MIDI tracks or channels (i.e. that they are each separately contained in their own track and channel). Only pitched notes are considered, so all notes on the unpitched MIDI Channel 10 are ignored.</description>
      <is_sequential>true</is_sequential>
      <parallel_dimensions>128</parallel_dimensions>
   </feature>

   <feature>
      <name>Most Common Melodic Interval</name>
      <description>Number of semitones corresponding to the most frequently occurring melodic interval.</description>
      <is_sequential>true</is_sequential>
      <parallel_dimensions>1</parallel_dimensions>
   </feature>

   <feature>
      <name>Mean Melodic Interval</name>
      <description>Mean average (in semitones) of the intervals involved in each of the melodic intervals in the piece.</description>
      <is_sequential>true</is_sequential>
      <parallel_dimensions>1</parallel_dimensions>
   </feature>

   <feature>
      <name>Number of Common Melodic Intervals</name>
      <description>Number of different melodic intervals that each account individually for at least 9% of all melodic intervals.</description>
      <is_sequential>true</is_sequential>
      <parallel_dimensions>1</parallel_dimensions>
   </feature>

   <feature>
      <name>Distance Between Most Prevalent Melodic Intervals</name>
      <description>Absolute value of the difference (in semitones) between the most common and second most common melodic intervals in the piece.</description>
      <is_sequential>true</is_sequential>
      <parallel_dimensions>1</parallel_dimensions>
   </feature>

   <feature>
      <name>Prevalence of Most Common Melodic Interval</name>
      <description>Fraction of all melodic intervals that corresponds to the most common melodic interval.</description>
      <is_sequential>true</is_sequential>
      <parallel_dimensions>1</parallel_dimensions>
   </feature>

   <feature>
      <name>Relative Prevalence of Most Common Melodic Intervals</name>
      <description>Relative frequency of the second most common melodic interval in the piece, divided by the relative frequency of the most common melodic interval..</description>
      <is_sequential>true</is_sequential>
      <parallel_dimensions>1</parallel_dimensions>
   </feature>

   <feature>
      <name>Amount of Arpeggiation</name>
      <description>Fraction of melodic intervals that are repeated notes, minor thirds, major thirds, perfect fifths, minor sevenths, major sevenths, octaves, minor tenths or major tenths. This is only a very approximate measure of the amount of arpeggiation in the music, of course.</description>
      <is_sequential>true</is_sequential>
      <parallel_dimensions>1</parallel_dimensions>
   </feature>

   <feature>
      <name>Repeated Notes</name>
      <description>Fraction of melodic intervals that correspond to repeated notes.</description>
      <is_sequential>true</is_sequential>
      <parallel_dimensions>1</parallel_dimensions>
   </feature>

   <feature>
      <name>Chromatic Motion</name>
      <description>Fraction of melodic intervals that correspond to a semitone.</description>
      <is_sequential>true</is_sequential>
      <parallel_dimensions>1</parallel_dimensions>
   </feature>

   <feature>
      <name>Stepwise Motion</name>
      <description>Fraction of melodic intervals that correspond to a minor or major second.</description>
      <is_sequential>true</is_sequential>
      <parallel_dimensions>1</parallel_dimensions>
   </feature>

   <feature>
      <name>Melodic Thirds</name>
      <description>Fraction of melodic intervals that are major or minor thirds.</description>
      <is_sequential>true</is_sequential>
      <parallel_dimensions>1</parallel_dimensions>
   </feature>

   <feature>
      <name>Melodic Perfect Fourths</name>
      <description>Fraction of melodic intervals that are perfect fourths.</description>
      <is_sequential>true</is_sequential>
      <parallel_dimensions>1</parallel_dimensions>
   </feature>

   <feature>
      <name>Melodic Tritones</name>
      <description>Fraction of melodic intervals that are tritones.</description>
      <is_sequential>true</is_sequential>
      <parallel_dimensions>1</parallel_dimensions>
   </feature>

   <feature>
      <name>Melodic Perfect Fifths</name>
      <description>Fraction of melodic intervals that are perfect fifths.</description>
      <is_sequential>true</is_sequential>
      <parallel_dimensions>1</parallel_dimensions>
   </feature>

   <feature>
      <name>Melodic Sixths</name>
      <description>Fraction of melodic intervals that are major or minor sixths.</description>
      <is_sequential>true</is_sequential>
      <parallel_dimensions>1</parallel_dimensions>
   </feature>

   <feature>
      <name>Melodic Sevenths</name>
      <description>Fraction of melodic intervals that are major or minor sevenths.</description>
      <is_sequential>true</is_sequential>
      <parallel_dimensions>1</parallel_dimensions>
   </feature>

   <feature>
      <name>Melodic Octaves</name>
      <description>Fraction of melodic intervals that are octaves.</description>
      <is_sequential>true</is_sequential>
      <parallel_dimensions>1</parallel_dimensions>
   </feature>

   <feature>
      <name>Melodic Large Intervals</name>
      <description>Fraction of melodic intervals greater than one octave.</description>
      <is_sequential>true</is_sequential>
      <parallel_dimensions>1</parallel_dimensions>
   </feature>

   <feature>
      <name>Minor Major Melodic Third Ratio</name>
      <description>Combined fraction of all melodic intervals that are minor thirds, divided by the combined fraction of all melodic intervals that are major thirds. Set to 0 if there are no melodic minor thirds or melodic major thirds.</description>
      <is_sequential>true</is_sequential>
      <parallel_dimensions>1</parallel_dimensions>
   </feature>

   <feature>
      <name>Melodic Embellishments</name>
      <description>Fraction of all notes that are surrounded on both sides by MIDI Note Ons on the same MIDI channel that have durations at least three times as long as the central note. Set to 0 if there are no notes in the piece.</description>
      <is_sequential>true</is_sequential>
      <parallel_dimensions>1</parallel_dimensions>
   </feature>

   <feature>
      <name>Direction of Melodic Motion</name>
      <description>Fraction of melodic intervals that are rising in pitch. Set to zero if no rising or falling melodic intervals are found.</description>
      <is_sequential>true</is_sequential>
      <parallel_dimensions>1</parallel_dimensions>
   </feature>

   <feature>
      <name>Average Length of Melodic Arcs</name>
      <description>Average number of notes that separate melodic peaks and troughs. Similar assumptions are made in the calculation of this feature as for the Melodic Interval Histogram. Set to 0 if no melodic arcs are found.</description>
      <is_sequential>true</is_sequential>
      <parallel_dimensions>1</parallel_dimensions>
   </feature>

   <feature>
      <name>Average Interval Spanned by Melodic Arcs</name>
      <description>Average melodic interval (in semitones) separating the top note of melodic peaks and the bottom note of adjacent melodic troughs. Similar assumptions are made in the calculation of this feature as for the Melodic Interval Histogram.</description>
      <is_sequential>true</is_sequential>
      <parallel_dimensions>1</parallel_dimensions>
   </feature>

   <feature>
      <name>Melodic Pitch Variety</name>
      <description>Average number of notes that go by in a MIDI channel before a note's pitch is repeated (including the repeated note itself). This is calculated across each channel individually before being combined. Notes that occur simultaneously on the same MIDI tick are only counted as one note for the purpose of this calculation. Notes that do not recur after 16 notes in the same channel are not included in this calculation. Set to 0 if there are no qualifying repeated notes in the piece.</description>
      <is_sequential>true</is_sequential>
      <parallel_dimensions>1</parallel_dimensions>
   </feature>

   <feature>
      <name>Vertical Interval Histogram</name>
      <description>A feature vector consisting of bin magnitudes of the vertical interval histogram described in the jSymbolic manual. Each of the bins is associated with a different vertical pitch interval, and is labeled with the number of semitones in that corresponding interval. More specifically, these are numbered from 0 (a unison) to 127 (a vertical interval of 127 semitones). The magnitude of each bin is found by going through a recoding MIDI tick by MIDI tick and noting all vertical intervals that are sounding at each tick, as well as the MIDI velocities of the pair of notes involved in each vertical interval. The end result is a histogram that indicates which vertical intervals are present, and how significant these vertical intervals are relative to one another, with a weighting based on both MIDI velocity and the aggregated durations with which each interval is held throughout the piece. Finally, the histogram is normalized.</description>
      <is_sequential>true</is_sequential>
      <parallel_dimensions>128</parallel_dimensions>
   </feature>

   <feature>
      <name>Wrapped Vertical Interval Histogram</name>
      <description>A feature vector consisting of bin magnitudes of the wrapped vertical interval histogram described in the jSymbolic manual. Each of the bins is associated with a different vertical pitch interval, and is labeled with the number of semitones in that corresponding interval. More specifically, these are numbered from 0 (a unison) to 11 (a vertical interval of 11 semitones). The magnitude of each bin is found by going through a recoding MIDI tick by MIDI tick and noting all vertical intervals that are sounding at each tick, as well as the MIDI velocities of the pair of notes involved in each vertical interval. Intervals larger than 11 semitones are wrapped (e.g. an octave (12 semitones) is added to the bin for unisons (0 semitones)). The end result is a histogram that indicates which vertical intervals are present, and how significant these vertical intervals are relative to one another, with a weighting based on both MIDI velocity and the aggregated durations with which each interval is held throughout the piece. Finally, the histogram is normalized.</description>
      <is_sequential>true</is_sequential>
      <parallel_dimensions>12</parallel_dimensions>
   </feature>

   <feature>
      <name>Chord Type Histogram</name>
      <description>A feature vector consisting of bin magnitudes of the chord type histogram described in the jSymbolic manual. This is a normalized histogram that has bins labeled with types of chords (in the following order and with the indicated identifying codes): partial chords consisting of just two pitch classes [0], minor triads [1], major triads [2], diminished triads [3], augmented triads [4], other triads [5], minor seventh chords [6], dominant seventh chords [7], major seventh chords [8], other chords consisting of four pitch classes [9], and complex chords with more than four pitch classes [10]. The bin magnitudes are calculated by going through MIDI ticks one by one and incrementing the counter for the bin that corresponds to the chord, if any, that is present during eah given tick; the result is that the chords in this histogram are weighted by the duration with which each chord is played. All inversions are treated as equivalent and octave doubling is ignored in the calculation of this histogram. Melodic behaviour is not considered, so arpeggios are not counted in this histogram.</description>
      <is_sequential>true</is_sequential>
      <parallel_dimensions>11</parallel_dimensions>
   </feature>

   <feature>
      <name>Average Number of Simultaneous Pitch Classes</name>
      <description>Average number of different pitch classes sounding simultaneously. Rests are excluded from this calculation.</description>
      <is_sequential>true</is_sequential>
      <parallel_dimensions>1</parallel_dimensions>
   </feature>

   <feature>
      <name>Variability of Number of Simultaneous Pitch Classes</name>
      <description>Standard deviation of the number of different pitch classes sounding simultaneously. Rests are excluded from this calculation.</description>
      <is_sequential>true</is_sequential>
      <parallel_dimensions>1</parallel_dimensions>
   </feature>

   <feature>
      <name>Average Number of Simultaneous Pitches</name>
      <description>Average number of pitches sounding simultaneously. Rests are excluded from this calculation. Unisons are also excluded from this calculation, but octave multiples are included in it.</description>
      <is_sequential>true</is_sequential>
      <parallel_dimensions>1</parallel_dimensions>
   </feature>

   <feature>
      <name>Variability of Number of Simultaneous Pitches</name>
      <description>Standard deviation of the number of pitches sounding simultaneously. Rests are excluded from this calculation. Unisons are also excluded from this calculation, but octave multiples are included in it.</description>
      <is_sequential>true</is_sequential>
      <parallel_dimensions>1</parallel_dimensions>
   </feature>

   <feature>
      <name>Most Common Vertical Interval</name>
      <description>The interval in semitones corresponding to the wrapped vertical interval histogram bin with the highest magnitude.</description>
      <is_sequential>true</is_sequential>
      <parallel_dimensions>1</parallel_dimensions>
   </feature>

   <feature>
      <name>Second Most Common Vertical Interval</name>
      <description>The interval in semitones corresponding to the wrapped vertical interval histogram bin with the second highest magnitude.</description>
      <is_sequential>true</is_sequential>
      <parallel_dimensions>1</parallel_dimensions>
   </feature>

   <feature>
      <name>Distance Between Two Most Common Vertical Intervals</name>
      <description>The interval in semitones between the wrapped vertical interval histogram bins with the two most common vertical intervals.</description>
      <is_sequential>true</is_sequential>
      <parallel_dimensions>1</parallel_dimensions>
   </feature>

   <feature>
      <name>Prevalence of Most Common Vertical Interval</name>
      <description>Fraction of vertical intervals on the wrapped vertical interval histogram corresponding to the most common vertical interval.</description>
      <is_sequential>true</is_sequential>
      <parallel_dimensions>1</parallel_dimensions>
   </feature>

   <feature>
      <name>Prevalence of Second Most Common Vertical Interval</name>
      <description>Fraction of vertical intervals on the wrapped vertical interval histogram corresponding to the second most common vertical interval.</description>
      <is_sequential>true</is_sequential>
      <parallel_dimensions>1</parallel_dimensions>
   </feature>

   <feature>
      <name>Prevalence Ratio of Two Most Common Vertical Intervals</name>
      <description>Ratio between the fraction of notes corresponding to the second most common vertical interval on the wrapped vertical interval histogram and the fraction of vertical intervals corresponding to the most common vertical interval. Set to 0 if either of these prevalences are 0.</description>
      <is_sequential>true</is_sequential>
      <parallel_dimensions>1</parallel_dimensions>
   </feature>

   <feature>
      <name>Vertical Unisons</name>
      <description>Fraction of all vertical intervals that are unisons. This is weighted by how long intervals are held (e.g. an interval lasting a whole note will be weighted four times as strongly as an interval lasting a quarter note).</description>
      <is_sequential>true</is_sequential>
      <parallel_dimensions>1</parallel_dimensions>
   </feature>

   <feature>
      <name>Vertical Minor Seconds</name>
      <description>Fraction of all wrapped vertical intervals that are minor seconds. This is weighted by how long intervals are held (e.g. an interval lasting a whole note will be weighted four times as strongly as an interval lasting a quarter note).</description>
      <is_sequential>true</is_sequential>
      <parallel_dimensions>1</parallel_dimensions>
   </feature>

   <feature>
      <name>Vertical Thirds</name>
      <description>Fraction all wrapped vertical intervals that are minor or major thirds. This is weighted by how long intervals are held (e.g. an interval lasting a whole note will be weighted four times as strongly as an interval lasting a quarter note).</description>
      <is_sequential>true</is_sequential>
      <parallel_dimensions>1</parallel_dimensions>
   </feature>

   <feature>
      <name>Vertical Tritones</name>
      <description>Fraction of all wrapped vertical intervals that are tritones. This is weighted by how long intervals are held (e.g. an interval lasting a whole note will be weighted four times as strongly as an interval lasting a quarter note).</description>
      <is_sequential>true</is_sequential>
      <parallel_dimensions>1</parallel_dimensions>
   </feature>

   <feature>
      <name>Vertical Perfect Fourths</name>
      <description>Fraction of all wrapped vertical intervals that are perfect fourths. This is weighted by how long intervals are held (e.g. an interval lasting a whole note will be weighted four times as strongly as an interval lasting a quarter note).</description>
      <is_sequential>true</is_sequential>
      <parallel_dimensions>1</parallel_dimensions>
   </feature>

   <feature>
      <name>Vertical Perfect Fifths</name>
      <description>Fraction of all wrapped vertical intervals that are perfect fifths. This is weighted by how long intervals are held (e.g. an interval lasting a whole note will be weighted four times as strongly as an interval lasting a quarter note).</description>
      <is_sequential>true</is_sequential>
      <parallel_dimensions>1</parallel_dimensions>
   </feature>

   <feature>
      <name>Vertical Sixths</name>
      <description>Fraction all wrapped vertical intervals that are minor or major sixths. This is weighted by how long intervals are held (e.g. an interval lasting a whole note will be weighted four times as strongly as an interval lasting a quarter note).</description>
      <is_sequential>true</is_sequential>
      <parallel_dimensions>1</parallel_dimensions>
   </feature>

   <feature>
      <name>Vertical Sevenths</name>
      <description>Fraction all wrapped vertical intervals that are minor or major sevenths. This is weighted by how long intervals are held (e.g. an interval lasting a whole note will be weighted four times as strongly as an interval lasting a quarter note).</description>
      <is_sequential>true</is_sequential>
      <parallel_dimensions>1</parallel_dimensions>
   </feature>

   <feature>
      <name>Vertical Octaves</name>
      <description>Fraction of all wrapped vertical intervals that are octaves. This is weighted by how long intervals are held (e.g. an interval lasting a whole note will be weighted four times as strongly as an interval lasting a quarter note).</description>
      <is_sequential>true</is_sequential>
      <parallel_dimensions>1</parallel_dimensions>
   </feature>

   <feature>
      <name>Perfect Vertical Intervals</name>
      <description>Fraction of all wrapped vertical intervals that are unisons, perfect fourths, perfect fifths or octaves. This is weighted by how long intervals are held (e.g. an interval lasting a whole note will be weighted four times as strongly as an interval lasting a quarter note).</description>
      <is_sequential>true</is_sequential>
      <parallel_dimensions>1</parallel_dimensions>
   </feature>

   <feature>
      <name>Vertical Dissonance Ratio</name>
      <description>Ratio of all wrapped vertical intervals that are dissonant (2nds, tritones, and 7ths to all wrapped vertical intervals that are consonant (unisons, 3rds, 4ths, 5ths, 6ths, octaves). This is weighted by how long each of these intervals are held (e.g. an interval lasting a whole note will be weighted four times as strongly as an interval lasting a quarter note). Set to 0 if there are no dissonant vertical intervals or no consonant vertical intervals.</description>
      <is_sequential>true</is_sequential>
      <parallel_dimensions>1</parallel_dimensions>
   </feature>

   <feature>
      <name>Vertical Minor Third Prevalence</name>
      <description>Fraction of the music by time where at least one wrapped vertical minor third is sounding (regardless of whatever other vertical intervals may or may not be sounding at the same time). Only that part of the music where one or more pitched notes is sounding is included in this calculation (rests and sections containing only unpitched notes are ignored).</description>
      <is_sequential>true</is_sequential>
      <parallel_dimensions>1</parallel_dimensions>
   </feature>

   <feature>
      <name>Vertical Major Third Prevalence</name>
      <description>Fraction of the music by time where at least one wrapped vertical major third is sounding (regardless of whatever other vertical intervals may or may not be sounding at the same time). Only that part of the music where one or more pitched notes is sounding is included in this calculation (rests and sections containing only unpitched notes are ignored).</description>
      <is_sequential>true</is_sequential>
      <parallel_dimensions>1</parallel_dimensions>
   </feature>

   <feature>
      <name>Chord Duration</name>
      <description>Average duration a chord in units of time corresponding to the duration of an idealized quarter note. A "chord" here is considered to stay the same as long as no new pitch classes are added, and no pitch classes are taken away. This "chord" may consist of any number of pitch classes, even only one. A "chord" is not considered to end if it is split by one or more rests (although the rests themselves are not counted in the duration of the "chord").</description>
      <is_sequential>true</is_sequential>
      <parallel_dimensions>1</parallel_dimensions>
   </feature>

   <feature>
      <name>Partial Chords</name>
      <description>Fraction of simultaneously sounding pitch groups that consist of only two pitch classes. This is weighted by how long pitch groups are held (e.g. a pitch group lasting a whole note will be weighted four times as strongly as a pitch group lasting a quarter note).</description>
      <is_sequential>true</is_sequential>
      <parallel_dimensions>1</parallel_dimensions>
   </feature>

   <feature>
      <name>Standard Triads</name>
      <description>Fraction of all simultaneously sounding pitch groups that are either major or minor triads. This is weighted by how long pitch groups are held (e.g. a pitch group lasting a whole note will be weighted four times as strongly as a pitch group lasting a quarter note).</description>
      <is_sequential>true</is_sequential>
      <parallel_dimensions>1</parallel_dimensions>
   </feature>

   <feature>
      <name>Diminished and Augmented Triads</name>
      <description>Fraction of all simultaneously sounding pitch groups that are either diminished or augmented triads. This is weighted by how long pitch groups are held (e.g. a pitch group lasting a whole note will be weighted four times as strongly as a pitch group lasting a quarter note).</description>
      <is_sequential>true</is_sequential>
      <parallel_dimensions>1</parallel_dimensions>
   </feature>

   <feature>
      <name>Dominant Seventh Chords</name>
      <description>Fraction of all simultaneously sounding pitch groups that are dominant seventh chords. This is weighted by how long pitch groups are held (e.g. a pitch group lasting a whole note will be weighted four times as strongly as a pitch group lasting a quarter note).</description>
      <is_sequential>true</is_sequential>
      <parallel_dimensions>1</parallel_dimensions>
   </feature>

   <feature>
      <name>Seventh Chords</name>
      <description>Fraction of all simultaneously sounding pitch groups that are dominant seventh, major seventh or minor seventh chords. This is weighted by how long pitch groups are held (e.g. a pitch group lasting a whole note will be weighted four times as strongly as a pitch group lasting a quarter note).</description>
      <is_sequential>true</is_sequential>
      <parallel_dimensions>1</parallel_dimensions>
   </feature>

   <feature>
      <name>Non-Standard Chords</name>
      <description>Fraction of all simultaneously sounding pitch groups that consist of more than two pitch classes yet are not major triads, are not minor triads and are not seventh chords. This is weighted by how long pitch groups are held (e.g. a pitch group lasting a whole note will be weighted four times as strongly as a pitch group lasting a quarter note).</description>
      <is_sequential>true</is_sequential>
      <parallel_dimensions>1</parallel_dimensions>
   </feature>

   <feature>
      <name>Complex Chords</name>
      <description>Fraction of all simultaneously sounding pitch groups that contain more that four pitch classes. This is weighted by how long pitch groups are held (e.g. a pitch group lasting a whole note will be weighted four times as strongly as a pitch group lasting a quarter note).</description>
      <is_sequential>true</is_sequential>
      <parallel_dimensions>1</parallel_dimensions>
   </feature>

   <feature>
      <name>Minor Major Triad Ratio</name>
      <description>The prevalence of minor triads divided by the prevalence of major triads. This is weighted by how long the chords are held (e.g. a chord lasting a whole note will be weighted four times as strongly as a chord lasting a quarter note). Set to 0 if there are no minor triads or if there are no major triads.</description>
      <is_sequential>true</is_sequential>
      <parallel_dimensions>1</parallel_dimensions>
   </feature>

   <feature>
      <name>Initial Time Signature</name>
      <description>A feature vector consisting of two values. The first is the numerator of the first specified time signature in the piece, and the second is the denominator of the same time signature. Set to 4/4 if no time signature is specified.</description>
      <is_sequential>true</is_sequential>
      <parallel_dimensions>2</parallel_dimensions>
   </feature>

   <feature>
      <name>Simple Initial Meter</name>
      <description>Set to 1 if the initial meter is a standard simple meter (i.e. if the numerator of the time signature is 2, 3 or 4) and to 0 otherwise.</description>
      <is_sequential>true</is_sequential>
      <parallel_dimensions>1</parallel_dimensions>
   </feature>

   <feature>
      <name>Compound Initial Meter</name>
      <description>Set to 1 if the initial meter is a standard compound meter (i.e. if the numerator of the time signature is 6, 9, 12, 15, 18 or 24) and to 0 otherwise.</description>
      <is_sequential>true</is_sequential>
      <parallel_dimensions>1</parallel_dimensions>
   </feature>

   <feature>
      <name>Complex Initial Meter</name>
      <description>Set to 1 if the initial meter is a standard complex meter (i.e. if the numerator of the time signature is 5, 7, 9, 11, 13, 15, 22 or 25) and to 0 otherwise.</description>
      <is_sequential>true</is_sequential>
      <parallel_dimensions>1</parallel_dimensions>
   </feature>

   <feature>
      <name>Duple Initial Meter</name>
      <description>Set to 1 if the initial meter is a standard simple or compound duple meter (i.e. if the numerator of the time signature is 2 or 6) and to 0 otherwise.</description>
      <is_sequential>true</is_sequential>
      <parallel_dimensions>1</parallel_dimensions>
   </feature>

   <feature>
      <name>Triple Initial Meter</name>
      <description>Set to 1 if the initial meter is a standard compound meter (i.e. if the numerator of the time signature is 6, 9, 12, 15, 18 or 24) and to 0 otherwise.</description>
      <is_sequential>true</is_sequential>
      <parallel_dimensions>1</parallel_dimensions>
   </feature>

   <feature>
      <name>Quadruple Initial Meter</name>
      <description>Set to 1 if the initial meter is a standard simple or compound quadruple meter (i.e. if the numerator of the time signature is 4 or 12) and to 0 otherwise.</description>
      <is_sequential>true</is_sequential>
      <parallel_dimensions>1</parallel_dimensions>
   </feature>

   <feature>
      <name>Metrical Diversity</name>
      <description>The number of different (unique) time signatures found in the piece. Set to 1 if no time signature is specified.</description>
      <is_sequential>true</is_sequential>
      <parallel_dimensions>1</parallel_dimensions>
   </feature>

   <feature>
      <name>Total Number of Notes</name>
      <description>Total number of notes, including both pitched and unpitched notes.</description>
      <is_sequential>true</is_sequential>
      <parallel_dimensions>1</parallel_dimensions>
   </feature>

   <feature>
      <name>Note Density per Quarter Note</name>
      <description>Average number of note onsets per unit of time corresponding to an idealized quarter note. Takes into account all notes in all voices, including both pitched and unpitched notes.</description>
      <is_sequential>true</is_sequential>
      <parallel_dimensions>1</parallel_dimensions>
   </feature>

   <feature>
      <name>Note Density per Quarter Note per Voice</name>
      <description>Average number of note onsets per unit of time corresponding to an idealized quarter note, divided by the total number of voices present (i.e. the number of MIDI channels that contain one or more notes in the piece). Takes into account all notes in all voices, including both pitched and unpitched notes.</description>
      <is_sequential>true</is_sequential>
      <parallel_dimensions>1</parallel_dimensions>
   </feature>

   <feature>
      <name>Note Density per Quarter Note Variability</name>
      <description>How much the note density per quarter note (average number of note onsetss per idealized quarter note duration) varies throughout the piece. Takes into account all notes in all voices, including both pitched and unpitched notes. In order to calculate this, the piece is broken into windows of 8 quarter note duration, and the note density of each window is calculated. The final value of this feature is then found by calculating the standard deviation of the note densities of these windows. Set to 0 if there is insufficient music for more than one window.</description>
      <is_sequential>true</is_sequential>
      <parallel_dimensions>1</parallel_dimensions>
   </feature>

   <feature>
      <name>Rhythmic Value Histogram</name>
      <description>A feature vector, representing a normalized histogram where the value of each bin specifies the fraction of all notes in the music with a rhythmic value corresponding to that of the given bin. The bins are numbered as follows: thirty second notes (or less) [0], sixteenth notes [1], eighth notes [2], dotted eighth notes [3], quarter notes [4], dotted quarter notes [5], half notes [6], dotted half notes [7], whole notes [8], dotted whole notes [9], double whole notes [10] and dotted double whole notes (or more ) [11]. Both pitched and unpitched notes are included in this histogram. Tempo is, of course, not relevant to this histogram. Notes with durations not precisely matching one of these rhythmic note values are mapped to the closest note value (to filter out the effects of rubato or uneven human rhythmic performances, for example). This histogram is calculated without regard to the dynamics, voice or instrument of any given note.</description>
      <is_sequential>true</is_sequential>
      <parallel_dimensions>12</parallel_dimensions>
   </feature>

   <feature>
      <name>Range of Rhythmic Values</name>
      <description>A measure of the difference between the shortest rhythmic values and the longest rhythmic values in the music. Measured in number of bins in the Rhythmic Value Histogram separating the first (i.e. the one with the shortest rhythmic value) non-zero bin and the last (i.e. the one with the longest rhythmic value) non-zero bin.</description>
      <is_sequential>true</is_sequential>
      <parallel_dimensions>1</parallel_dimensions>
   </feature>

   <feature>
      <name>Number of Different Rhythmic Values Present</name>
      <description>Number of different quantized rhythmic values (e.g. quarter notes, dotted quarter notes, half notes, etc.) that occur at least once in the music. This is found by finding all non-zero entries in the Rhythmic Value Histogram.</description>
      <is_sequential>true</is_sequential>
      <parallel_dimensions>1</parallel_dimensions>
   </feature>

   <feature>
      <name>Number of Common Rhythmic Values Present</name>
      <description>Number of different quantized rhythmic values (e.g. quarter notes, dotted quarter notes, half notes, etc.) that represent at least 15% of the rhythmic values in the music. This is found by finding all non-zero entries in the Rhythmic Value Histogram.</description>
      <is_sequential>true</is_sequential>
      <parallel_dimensions>1</parallel_dimensions>
   </feature>

   <feature>
      <name>Prevalence of Very Short Rhythmic Values</name>
      <description>Fraction of all notes in the music that have a quantized rhythmic value less than an eighth note. This includes both pitched and unpitched notes, is calculated after rhythmic quantization, is not influenced by tempo, and is calculated without regard to the dynamics, voice or instrument of any given note.</description>
      <is_sequential>true</is_sequential>
      <parallel_dimensions>1</parallel_dimensions>
   </feature>

   <feature>
      <name>Prevalence of Short Rhythmic Values</name>
      <description>Fraction of all notes in the music that have a quantized rhythmic value less than a dotted eighth note. This includes both pitched and unpitched notes, is calculated after rhythmic quantization, is not influenced by tempo, and is calculated without regard to the dynamics, voice or instrument of any given note.</description>
      <is_sequential>true</is_sequential>
      <parallel_dimensions>1</parallel_dimensions>
   </feature>

   <feature>
      <name>Prevalence of Medium Rhythmic Values</name>
      <description>Fraction of all notes in the music that have a quantized rhythmic value between an eighth note and a half note (inclusive). This includes both pitched and unpitched notes, is calculated after rhythmic quantization, is not influenced by tempo, and is calculated without regard to the dynamics, voice or instrument of any given note.</description>
      <is_sequential>true</is_sequential>
      <parallel_dimensions>1</parallel_dimensions>
   </feature>

   <feature>
      <name>Prevalence of Long Rhythmic Values</name>
      <description>Fraction of all notes in the music that have a quantized rhythmic value greater than a dotted quarter note. This includes both pitched and unpitched notes, is calculated after rhythmic quantization, is not influenced by tempo, and is calculated without regard to the dynamics, voice or instrument of any given note.</description>
      <is_sequential>true</is_sequential>
      <parallel_dimensions>1</parallel_dimensions>
   </feature>

   <feature>
      <name>Prevalence of Very Long Rhythmic Values</name>
      <description>Fraction of all notes in the music that have a quantized rhythmic value greater than a whole note. This includes both pitched and unpitched notes, is calculated after rhythmic quantization, is not influenced by tempo, and is calculated without regard to the dynamics, voice or instrument of any given note.</description>
      <is_sequential>true</is_sequential>
      <parallel_dimensions>1</parallel_dimensions>
   </feature>

   <feature>
      <name>Prevalence of Dotted Notes</name>
      <description>Fraction of all notes in the music that have a quantized rhythmic value consisting of a dotted eighth note, dotted quarter note, dotted half note, dotted whole note or dotted double whole note. This includes both pitched and unpitched notes, is calculated after rhythmic quantization, is not influenced by tempo, and is calculated without regard to the dynamics, voice or instrument of any given note.</description>
      <is_sequential>true</is_sequential>
      <parallel_dimensions>1</parallel_dimensions>
   </feature>

   <feature>
      <name>Shortest Rhythmic Value</name>
      <description>Rhythmic value of the shortest note in the piece, expressed as a fraction of a quarter note. For example, a value of 0.5 indicates that the shortest note is an eighth note. This calculation includes both pitched and unpitched notes, is calculated after rhythmic quantization, is not influenced by tempo, and is calculated without regard to the dynamics, voice or instrument of any given note.</description>
      <is_sequential>true</is_sequential>
      <parallel_dimensions>1</parallel_dimensions>
   </feature>

   <feature>
      <name>Longest Rhythmic Value</name>
      <description>Rhythmic value of the longest note in the piece, expressed as a fraction of a quarter note. For example, a value of 2 indicates that the longest note is a half note. This calculation includes both pitched and unpitched notes, is calculated after rhythmic quantization, is not influenced by tempo, and is calculated without regard to the dynamics, voice or instrument of any given note.</description>
      <is_sequential>true</is_sequential>
      <parallel_dimensions>1</parallel_dimensions>
   </feature>

   <feature>
      <name>Mean Rhythmic Value</name>
      <description>The mean rhythmic value of the music, in quarter note units. So, for example, a Mean Rhythmic Value of 0.5 would mean that the duration of an eighth note corresponds to the mean average rhythmic value in the music. This calculation includes both pitched and unpitched notes, is calculated after rhythmic quantization, is not influenced by tempo, and is calculated without regard to the dynamics, voice or instrument of any given note.</description>
      <is_sequential>true</is_sequential>
      <parallel_dimensions>1</parallel_dimensions>
   </feature>

   <feature>
      <name>Most Common Rhythmic Value</name>
      <description>The most common rhythmic value of the music, in quarter note units. So, for example, a Most Common Rhythmic Value of 0.5 would mean that eighth notes occur more frequently than any other rhythmic value. This calculation includes both pitched and unpitched notes, is calculated after rhythmic quantization, is not influenced by tempo, and is calculated without regard to the dynamics, voice or instrument of any given note.</description>
      <is_sequential>true</is_sequential>
      <parallel_dimensions>1</parallel_dimensions>
   </feature>

   <feature>
      <name>Prevalence of Most Common Rhythmic Value</name>
      <description>The fraction of all notes that have a rhythmic value corresponding to the most common rhythmic value in the music. This calculation includes both pitched and unpitched notes, is calculated after rhythmic quantization, is not influenced by tempo, and is calculated without regard to the dynamics, voice or instrument of any given note.</description>
      <is_sequential>true</is_sequential>
      <parallel_dimensions>1</parallel_dimensions>
   </feature>

   <feature>
      <name>Relative Prevalence of Most Common Rhythmic Values</name>
      <description>Relative frequency of the of the second most common rhythmic value in the piece, divided by the relative frequency of the most common rhythmic value. This calculation includes both pitched and unpitched notes, is calculated after rhythmic quantization, is not influenced by tempo, and is calculated without regard to the dynamics, voice or instrument of any given note.</description>
      <is_sequential>true</is_sequential>
      <parallel_dimensions>1</parallel_dimensions>
   </feature>

   <feature>
      <name>Difference Between Most Common Rhythmic Values</name>
      <description>A measure of the difference between the two most common rhythmic values in the music. Measured in number of bins in the Rhythmic Value Histogram separating the two most common rhythmic values.</description>
      <is_sequential>true</is_sequential>
      <parallel_dimensions>1</parallel_dimensions>
   </feature>

   <feature>
      <name>Rhythmic Value Variability</name>
      <description>Standard deviation of the note durations in quarter notes of all notes in the music. Provides a measure of how close the rhythmic values are to the mean rhythmic value. This calculation includes both pitched and unpitched notes, is calculated after rhythmic quantization, is not influenced by tempo, and is calculated without regard to the dynamics, voice or instrument of any given note.</description>
      <is_sequential>true</is_sequential>
      <parallel_dimensions>1</parallel_dimensions>
   </feature>

   <feature>
      <name>Rhythmic Value Skewness</name>
      <description>Skewness of the note durations in quarter notes of all notes in the music. Provides a measure of how asymmetrical the rhythmic value distribution is to either the left or the right of the mean rhythmic value. A value of zero indicates no skew. This calculation includes both pitched and unpitched notes, is calculated after rhythmic quantization, is not influenced by tempo, and is calculated without regard to the dynamics, voice or instrument of any given note.</description>
      <is_sequential>true</is_sequential>
      <parallel_dimensions>1</parallel_dimensions>
   </feature>

   <feature>
      <name>Rhythmic Value Kurtosis</name>
      <description>Kurtosis of the note durations in quarter notes of all notes in the music. Provides a measure of how peaked or flat the rhythmic value distribution is. The higher the kurtosis, the more the rhythmic values are clustered near the mean and the fewer outliers there are. This calculation includes both pitched and unpitched notes, is calculated after rhythmic quantization, is not influenced by tempo, and is calculated without regard to the dynamics, voice or instrument of any given note.</description>
      <is_sequential>true</is_sequential>
      <parallel_dimensions>1</parallel_dimensions>
   </feature>

   <feature>
      <name>Rhythmic Value Median Run Lengths Histogram</name>
      <description>A normalized feature vector that indicates, for each rhythmic value, the normalized median number of times that notes with that rhythmic value occur consecutively (either vertically or horizontally) in the same voice (MIDI channel and track). Each bin corresponds to a different rhythmic value, and they are numbered as follows: thirty second notes (or less) [0], sixteenth notes [1], eighth notes [2], dotted eighth notes [3], quarter notes [4], dotted quarter notes [5], half notes [6], dotted half notes [7], whole notes [8], dotted whole notes [9], double whole notes [10] and dotted double whole notes (or more ) [11]. Both pitched and unpitched notes are included in this histogram. Tempo is, of course, not relevant to this histogram. Notes with durations not precisely matching one of these rhythmic note values are mapped to the closest note value (to filter out the effects of rubato or uneven human rhythmic performances, for example). This histogram is calculated without regard to dynamics.</description>
      <is_sequential>true</is_sequential>
      <parallel_dimensions>12</parallel_dimensions>
   </feature>

   <feature>
      <name>Mean Rhythmic Value Run Length</name>
      <description>Mean number of notes of the same rhythmic value that occur consecutively (either vertically or horizontally) in the same voice (MIDI channel and track). This calculation includes both pitched and unpitched notes, is calculated after rhythmic quantization and not influenced by neither tempo nor dynamics.</description>
      <is_sequential>true</is_sequential>
      <parallel_dimensions>1</parallel_dimensions>
   </feature>

   <feature>
      <name>Median Rhythmic Value Run Length</name>
      <description>Median number of notes of the same rhythmic value that occur consecutively (either vertically or horizontally) in the same voice (MIDI channel and track). This calculation includes both pitched and unpitched notes, is calculated after rhythmic quantization and not influenced by neither tempo nor dynamics.</description>
      <is_sequential>true</is_sequential>
      <parallel_dimensions>1</parallel_dimensions>
   </feature>

   <feature>
      <name>Variability in Rhythmic Value Run Lengths</name>
      <description>Standard deviation of the numbers of notes of the same rhythmic value that occur consecutively (either vertically or horizontally) in the same voice (MIDI channel and track). This calculation includes both pitched and unpitched notes, is calculated after rhythmic quantization and not influenced by neither tempo nor dynamics.</description>
      <is_sequential>true</is_sequential>
      <parallel_dimensions>1</parallel_dimensions>
   </feature>

   <feature>
      <name>Rhythmic Value Variability in Run Lengths Histogram</name>
      <description>A normalized feature vector that indicates, for each rhythmic value, the normalized standard deviation of the number of times that notes with that rhythmic value occur consecutively (either vertically or horizontally) in the same voice (MIDI channel and track). Each bin corresponds to a different rhythmic value, and they are numbered as follows: thirty second notes (or less) [0], sixteenth notes [1], eighth notes [2], dotted eighth notes [3], quarter notes [4], dotted quarter notes [5], half notes [6], dotted half notes [7], whole notes [8], dotted whole notes [9], double whole notes [10] and dotted double whole notes (or more ) [11]. Both pitched and unpitched notes are included in this histogram. Tempo is, of course, not relevant to this histogram. Notes with durations not precisely matching one of these rhythmic note values are mapped to the closest note value (to filter out the effects of rubato or uneven human rhythmic performances, for example). This histogram is calculated without regard to dynamics.</description>
      <is_sequential>true</is_sequential>
      <parallel_dimensions>12</parallel_dimensions>
   </feature>

   <feature>
      <name>Mean Rhythmic Value Offset</name>
      <description>Mean offset in duration of notes from the idealized durations of each of their nearest quantized rhythmic values, expressed as a fraction of the duration of an idealized quantized quarter note. Offsets are treated as absolute values, so offsets that are longer or shorter than each idealized duration are both treated as identical positive numbers in this calculation. This feature provides an indication of how consistently quantized note durations are or, expressed slightly differently, how well they conform to idealized note durations. Higher values indicate greater average deviation from idealized note durations. Both pitched and unpitched notes are included, and this is calculated without regard to the dynamics, voice or instrument of any given note.</description>
      <is_sequential>true</is_sequential>
      <parallel_dimensions>1</parallel_dimensions>
   </feature>

   <feature>
      <name>Median Rhythmic Value Offset</name>
      <description>Median offset in duration of notes from the idealized durations of each of their nearest quantized rhythmic values, expressed as a fraction of the duration of an idealized quantized quarter note. Offsets are treated as absolute values, so offsets that are longer or shorter than each idealized duration are both treated as identical positive numbers in this calculation. This feature provides an indication of how consistently quantized note durations are or, expressed slightly differently, how well they conform to idealized note durations. Higher values indicate greater average deviation from idealized note durations. Both pitched and unpitched notes are included, and this is calculated without regard to the dynamics, voice or instrument of any given note.</description>
      <is_sequential>true</is_sequential>
      <parallel_dimensions>1</parallel_dimensions>
   </feature>

   <feature>
      <name>Variability of Rhythmic Value Offsets</name>
      <description>Standard deviation of the offsets of note durations of notes from the idealized durations of each of their nearest quantized rhythmic values, expressed as a fraction of the duration of an idealized quantized quarter note. Offsets are treated as absolute values, so offsets that are longer or shorter than each idealized duration are both treated as identical positive numbers in this calculation. This feature provides an indication of how much these offsets vary or, expressed slightly differently, how rhythmically consistent note durations are. A higher value indicates greater variety in offsets between different notes. Both pitched and unpitched notes are included, and this is calculated without regard to the dynamics, voice or instrument of any given note.</description>
      <is_sequential>true</is_sequential>
      <parallel_dimensions>1</parallel_dimensions>
   </feature>

   <feature>
      <name>Complete Rests Fraction</name>
      <description>Fraction of the music during which no pitched notes are sounding on any MIDI channel. Non-pitched (MIDI channel 10) notes are not considered in this calculation.</description>
      <is_sequential>true</is_sequential>
      <parallel_dimensions>1</parallel_dimensions>
   </feature>

   <feature>
      <name>Partial Rests Fraction</name>
      <description>Fraction of the music during which no note is sounding on at least one active MIDI channel. Non-pitched (MIDI channel 10) notes ARE considered in this calculation. Only channels containing at least one note are counted in this calculation.</description>
      <is_sequential>true</is_sequential>
      <parallel_dimensions>1</parallel_dimensions>
   </feature>

   <feature>
      <name>Average Rest Fraction Across Voices</name>
      <description>Fraction of the duration of each MIDI channel during which no note is sounding on that channel, averaged across all channels that contain at least one note. Non-pitched (MIDI channel 10) notes ARE considered in this calculation.</description>
      <is_sequential>true</is_sequential>
      <parallel_dimensions>1</parallel_dimensions>
   </feature>

   <feature>
      <name>Longest Complete Rest</name>
      <description>Longest amount of uninterrupted time (expressed as a fraction of the duration of a quarter note) in which no pitched notes are sounding on any MIDI channel. Non-pitched (MIDI channel 10) notes are not considered in this calculation. Rests shorter than 0.1 of a quarter note are ignored in this calculation.</description>
      <is_sequential>true</is_sequential>
      <parallel_dimensions>1</parallel_dimensions>
   </feature>

   <feature>
      <name>Longest Partial Rest</name>
      <description>Longest amount of uninterrupted time (expressed as a fraction of the duration of a quarter note) in which no notes are sounding on at least one active MIDI channel. Non-pitched (MIDI channel 10) notes ARE considered in this calculation. Only channels containing at least one note are counted in this calculation. Rests shorter than 0.1 of a quarter note are ignored in this calculation.</description>
      <is_sequential>true</is_sequential>
      <parallel_dimensions>1</parallel_dimensions>
   </feature>

   <feature>
      <name>Mean Complete Rest Duration</name>
      <description>Mean duration of complete rests in the piece, expressed as a fraction of the duration of a quarter note. A complete rest is defined as a period in which no pitched notes are sounding on any MIDI channel. Non-pitched (MIDI channel 10) notes are not considered in this calculation. Rests shorter than 0.1 of a quarter note are ignored in this calculation.</description>
      <is_sequential>true</is_sequential>
      <parallel_dimensions>1</parallel_dimensions>
   </feature>

   <feature>
      <name>Mean Partial Rest Duration</name>
      <description>Mean duration of rests in the piece, expressed as a fraction of the duration of a quarter note. This is calculated voice-by-voice, where each rest included in the calculation corresponds to a rest in one MIDI channel, regardless of what may or may not be happening simultaneously in any other MIDI channels. Non-pitched (MIDI channel 10) notes ARE considered in this calculation. Only channels containing at least one note are counted in this calculation. Rests shorter than 0.1 of a quarter note are ignored in this calculation.</description>
      <is_sequential>true</is_sequential>
      <parallel_dimensions>1</parallel_dimensions>
   </feature>

   <feature>
      <name>Median Complete Rest Duration</name>
      <description>Median duration of complete rests in the piece, expressed as a fraction of the duration of a quarter note. A complete rest is defined as a period in which no pitched notes are sounding on any MIDI channel. Non-pitched (MIDI channel 10) notes are not considered in this calculation. Rests shorter than 0.1 of a quarter note are ignored in this calculation.</description>
      <is_sequential>true</is_sequential>
      <parallel_dimensions>1</parallel_dimensions>
   </feature>

   <feature>
      <name>Median Partial Rest Duration</name>
      <description>Median duration of rests in the piece, expressed as a fraction of the duration of a quarter note. This is calculated voice-by-voice, where each rest included in the calculation corresponds to a rest in one MIDI channel, regardless of what may or may not be happening simultaneously in any other MIDI channels. Non-pitched (MIDI channel 10) notes ARE considered in this calculation. Only channels containing at least one note are counted in this calculation. Rests shorter than 0.1 of a quarter note are ignored in this calculation.</description>
      <is_sequential>true</is_sequential>
      <parallel_dimensions>1</parallel_dimensions>
   </feature>

   <feature>
      <name>Variability of Complete Rest Durations</name>
      <description>Standard deviation of the durations of all complete rests in the piece, expressed as a fraction of the duration of a quarter note. A complete rest is defined as a period in which no pitched notes are sounding on any MIDI channel. Non-pitched (MIDI channel 10) notes are not considered in this calculation. Rests shorter than 0.1 of a quarter note are ignored in this calculation.</description>
      <is_sequential>true</is_sequential>
      <parallel_dimensions>1</parallel_dimensions>
   </feature>

   <feature>
      <name>Variability of Partial Rest Durations</name>
      <description>Standard deviation of the durations of rests in the piece, expressed as a fraction of the duration of a quarter note. This is calculated voice-by-voice, where each rest included in the calculation corresponds to a rest in one MIDI channel, regardless of what may or may not be happening simultaneously in any other MIDI channels. Non-pitched (MIDI channel 10) notes ARE considered in this calculation. Only channels containing at least one note are counted in this calculation. Rests shorter than 0.1 of a quarter note are ignored in this calculation.</description>
      <is_sequential>true</is_sequential>
      <parallel_dimensions>1</parallel_dimensions>
   </feature>

   <feature>
      <name>Variability Across Voices of Combined Rests</name>
      <description>Standard deviation of the total amount of time (expressed as a fraction of the duration of a quarter note) per active MIDI channel in which no notes are sounding in that channel. Only channels containing at least one note are counted in this calculation. Non-pitched (MIDI channel 10) notes ARE considered in this calculation.</description>
      <is_sequential>true</is_sequential>
      <parallel_dimensions>1</parallel_dimensions>
   </feature>

   <feature>
      <name>Beat Histogram Tempo Standardized</name>
      <description>A feature vector consisting of the bin magnitudes of the beat histogram described in the jSymbolic manual. However, the tempo of the music is standardized to 120 BPM throughout the piece before this histogram is calculated. This means that variations in tempo within a single piece are in effect eliminated for the purposes of this histogram. The tempo-independent beat histograms of different pieces can also be compared in a way that is independent of potential tempo differences between the pieces. Rubato and dynamics do still influence the tempo-independent beat histogram, however. Also, the first 40 bins are not included in this feature vector, as is the case with the basic beat histogram. Each bin corresponds to a different beats per minute periodicity, with tempo increasing with the bin index. The magnitude of each bin is proportional to the cumulative loudness (MIDI velocity) of the notes that occur at that bin's rhythmic periodicity. The histogram is normalized.</description>
      <is_sequential>true</is_sequential>
      <parallel_dimensions>161</parallel_dimensions>
   </feature>

   <feature>
      <name>Number of Strong Rhythmic Pulses - Tempo Standardized</name>
      <description>Number of tempo-standardized beat histogram peaks with normalized magnitudes over 0.1.</description>
      <is_sequential>true</is_sequential>
      <parallel_dimensions>1</parallel_dimensions>
   </feature>

   <feature>
      <name>Number of Moderate Rhythmic Pulses - Tempo Standardized</name>
      <description>Number of tempo-standardized beat histogram peaks with normalized magnitudes over 0.01.</description>
      <is_sequential>true</is_sequential>
      <parallel_dimensions>1</parallel_dimensions>
   </feature>

   <feature>
      <name>Number of Relatively Strong Rhythmic Pulses - Tempo Standardized</name>
      <description>Number of tempo-standardized beat histogram peaks with magnitudes at least 30% as high as the magnitude of the tempo-standardized beat histogram peak with the highest magnitude.</description>
      <is_sequential>true</is_sequential>
      <parallel_dimensions>1</parallel_dimensions>
   </feature>

   <feature>
      <name>Strongest Rhythmic Pulse - Tempo Standardized</name>
      <description>Bin index of the tempo-standardized beat histogram bin with the highest magnitude.</description>
      <is_sequential>true</is_sequential>
      <parallel_dimensions>1</parallel_dimensions>
   </feature>

   <feature>
      <name>Second Strongest Rhythmic Pulse - Tempo Standardized</name>
      <description>Bin index of the tempo-standardized beat histogram peak with the second highest magnitude.</description>
      <is_sequential>true</is_sequential>
      <parallel_dimensions>1</parallel_dimensions>
   </feature>

   <feature>
      <name>Harmonicity of Two Strongest Rhythmic Pulses - Tempo Standardized</name>
      <description>Bin index of the higher (in terms of bin index) of the two tempo-standardized beat histogram peaks with the highest magnitude, divided by the index of the lower (in terms of bin index) of the two bins.</description>
      <is_sequential>true</is_sequential>
      <parallel_dimensions>1</parallel_dimensions>
   </feature>

   <feature>
      <name>Strength of Strongest Rhythmic Pulse - Tempo Standardized</name>
      <description>Magnitude of the tempo-standardized beat histogram bin with the highest magnitude.</description>
      <is_sequential>true</is_sequential>
      <parallel_dimensions>1</parallel_dimensions>
   </feature>

   <feature>
      <name>Strength of Second Strongest Rhythmic Pulse - Tempo Standardized</name>
      <description>Magnitude of the tempo-standardized beat histogram peak with the second highest magnitude.</description>
      <is_sequential>true</is_sequential>
      <parallel_dimensions>1</parallel_dimensions>
   </feature>

   <feature>
      <name>Strength Ratio of Two Strongest Rhythmic Pulses - Tempo Standardized</name>
      <description>Magnitude of the tempo-standardized beat histogram peak with the highest magnitude divided by the magnitude of the tempo-standardized beat histogram peak with the second highest magnitude.</description>
      <is_sequential>true</is_sequential>
      <parallel_dimensions>1</parallel_dimensions>
   </feature>

   <feature>
      <name>Combined Strength of Two Strongest Rhythmic Pulses - Tempo Standardized</name>
      <description>Sum of the magnitudes of the two tempo-standardized beat histogram peaks with the highest magnitudes.</description>
      <is_sequential>true</is_sequential>
      <parallel_dimensions>1</parallel_dimensions>
   </feature>

   <feature>
      <name>Rhythmic Variability - Tempo Standardized</name>
      <description>Standard deviation of the tempo-standardized beat histogram bin magnitudes</description>
      <is_sequential>true</is_sequential>
      <parallel_dimensions>1</parallel_dimensions>
   </feature>

   <feature>
      <name>Rhythmic Looseness - Tempo Standardized</name>
      <description>Average width of tempo-standardized beat histogram peaks. The width of a peak is defined here as the distance (in beats per minute) between the two points on the peak in question that have magnitudes closest to 30% of the height of the peak. Only peaks with magnitudes at least 30% as high as the highest peak are considered in this calculation.</description>
      <is_sequential>true</is_sequential>
      <parallel_dimensions>1</parallel_dimensions>
   </feature>

   <feature>
      <name>Polyrhythms - Tempo Standardized</name>
      <description>Number of tempo-standardized beat histogram peaks with magnitudes at least 30% as high as the magnitude of the highest peak, and whose bin labels are not integer multiples or factors (using only multipliers of 1, 2, 3, 4, 6 and 8, and with an accepted error of +/- 3 bins) of the bin label of the peak with the highest magnitude. This number is then divided by the total number of bins with frequencies over 30% of the highest magnitude.</description>
      <is_sequential>true</is_sequential>
      <parallel_dimensions>1</parallel_dimensions>
   </feature>

   <feature>
      <name>Maximum Number of Independent Voices</name>
      <description>Maximum number of different channels in which notes are sounded simultaneously.</description>
      <is_sequential>true</is_sequential>
      <parallel_dimensions>1</parallel_dimensions>
   </feature>

   <feature>
      <name>Average Number of Independent Voices</name>
      <description>Average number of different channels in which notes are sounded simultaneously. Rests are not included in this calculation.</description>
      <is_sequential>true</is_sequential>
      <parallel_dimensions>1</parallel_dimensions>
   </feature>

   <feature>
      <name>Variability of Number of Independent Voices</name>
      <description>Standard deviation of the number of different channels in which notes are sounded simultaneously at each given moment (MIDI tick). Rests are not included in this calculation.</description>
      <is_sequential>true</is_sequential>
      <parallel_dimensions>1</parallel_dimensions>
   </feature>

   <feature>
      <name>Voice Equality - Number of Notes</name>
      <description>Standard deviation of the total number of Note Ons in each channel that contains at least one note.</description>
      <is_sequential>true</is_sequential>
      <parallel_dimensions>1</parallel_dimensions>
   </feature>

   <feature>
      <name>Voice Equality - Note Duration</name>
      <description>Standard deviation of the cumulative amount of time during which one or more notes were sounding in each channel that contains at least one note.</description>
      <is_sequential>true</is_sequential>
      <parallel_dimensions>1</parallel_dimensions>
   </feature>

   <feature>
      <name>Voice Equality - Melodic Leaps</name>
      <description>Standard deviation of the average melodic leap distance of each channel that contains at least one note.</description>
      <is_sequential>true</is_sequential>
      <parallel_dimensions>1</parallel_dimensions>
   </feature>

   <feature>
      <name>Voice Equality - Range</name>
      <description>Standard deviation of the differences between the highest and lowest pitches in each channel that contains at least one note.</description>
      <is_sequential>true</is_sequential>
      <parallel_dimensions>1</parallel_dimensions>
   </feature>

   <feature>
      <name>Relative Range of Highest Line</name>
      <description>Pitch difference in semitones between the highest note and the lowest note played in the channel with the highest average pitch, divided by the difference between the highest note and the lowest note in the piece overall. Set to 0 if there if there are fewer than 2 pitches in the music.</description>
      <is_sequential>true</is_sequential>
      <parallel_dimensions>1</parallel_dimensions>
   </feature>

   <feature>
      <name>Relative Note Density of Highest Line</name>
      <description>Number of Note Ons in the channel with the highest average pitch, divided by the average number of Note Ons in all channels that contain at least one note.</description>
      <is_sequential>true</is_sequential>
      <parallel_dimensions>1</parallel_dimensions>
   </feature>

   <feature>
      <name>Relative Note Durations of Lowest Line</name>
      <description>Average duration of notes (in seconds) in the channel with the lowest average pitch, divided by the average duration of notes in all channels that contain at least one note.</description>
      <is_sequential>true</is_sequential>
      <parallel_dimensions>1</parallel_dimensions>
   </feature>

   <feature>
      <name>Relative Size of Melodic Intervals in Lowest Line</name>
      <description>Average melodic interval in semitones in the channel with the lowest average pitch, divided by the average melodic interval in all channels that contain at least two notes.</description>
      <is_sequential>true</is_sequential>
      <parallel_dimensions>1</parallel_dimensions>
   </feature>

   <feature>
      <name>Voice Overlap</name>
      <description>Number of notes played within the range of another channel, divided by the total number of notes in the piece as a whole.</description>
      <is_sequential>true</is_sequential>
      <parallel_dimensions>1</parallel_dimensions>
   </feature>

   <feature>
      <name>Voice Separation</name>
      <description>Average separation in semitones between the average pitches of consecutive channels (after sorting based on average pitch) that contain at least one note. </description>
      <is_sequential>true</is_sequential>
      <parallel_dimensions>1</parallel_dimensions>
   </feature>

   <feature>
      <name>Variability of Voice Separation</name>
      <description>Average separation in semi-tones between the average pitches of consecutive channels (after sorting based on average pitch) that contain at least one note.</description>
      <is_sequential>true</is_sequential>
      <parallel_dimensions>1</parallel_dimensions>
   </feature>

   <feature>
      <name>Parallel Motion</name>
      <description>Fraction of movements between voices that consist of parallel motion (the fraction is calculated relative to the total amount of qualifying transitions, including all parallel, similar, contrary and oblique transitions). If more than two voices are involved in a given pitch transition, then each possible pair of voices comprising the transition is included in the calculation. Note that only transitions from one set of pitches to another set of pitches comprising the same number of pitches as the first are included in this calculation, although a brief lookahead is performed in order to accommodate small rhythmic desynchronizations (e.g. if a MIDI file is a transcription of a human performance). Only unique pitches are included in this calculation (unisons are treated as a single pitch). All pitches present are considered, regardless of their MIDI channel or track; this has the advantage of accommodating polyphonic instruments such as piano or guitar, but the consequence is that this feature does not incorporate an awareness of voice crossing.</description>
      <is_sequential>true</is_sequential>
      <parallel_dimensions>1</parallel_dimensions>
   </feature>

   <feature>
      <name>Similar Motion</name>
      <description>Fraction of movements between voices that consist of similar motion (the fraction is calculated relative to the total amount of qualifying transitions, including all parallel, similar, contrary and oblique transitions). If more than two voices are involved in a given pitch transition, then each possible pair of voices comprising the transition is included in the calculation. Note that only transitions from one set of pitches to another set of pitches comprising the same number of pitches as the first are included in this calculation, although a brief lookahead is performed in order to accommodate small rhythmic desynchronizations (e.g. if a MIDI file is a transcription of a human performance). Only unique pitches are included in this calculation (unisons are treated as a single pitch). All pitches present are considered, regardless of their MIDI channel or track; this has the advantage of accomodating polyphonic instruments such as piano or guitar, but the consequence is that this feature does not incorporate an awareness of voice crossing.</description>
      <is_sequential>true</is_sequential>
      <parallel_dimensions>1</parallel_dimensions>
   </feature>

   <feature>
      <name>Contrary Motion</name>
      <description>Fraction of movements between voices that consist of contrary motion (the fraction is calculated relative to the total amount of qualifying transitions, including all parallel, similar, contrary and oblique transitions). If more than two voices are involved in a given pitch transition, then each possible pair of voices comprising the transition is included in the calculation. Note that only transitions from one set of pitches to another set of pitches comprising the same number of pitches as the first are included in this calculation, although a brief lookahead is performed in order to accommodate small rhythmic desynchronizations (e.g. if a MIDI file is a transcription of a human performance). Only unique pitches are included in this calculation (unisons are treated as a single pitch). All pitches present are considered, regardless of their MIDI channel or track; this has the advantage of accommodating polyphonic instruments such as piano or guitar, but the consequence is that this feature does not incorporate an awareness of voice crossing.</description>
      <is_sequential>true</is_sequential>
      <parallel_dimensions>1</parallel_dimensions>
   </feature>

   <feature>
      <name>Oblique Motion</name>
      <description>Fraction of movements between voices that consist of oblique motion (the fraction is calculated relative to the total amount of qualifying transitions, including all parallel, similar, contrary and oblique transitions). If more than two voices are involved in a given pitch transition, then each possible pair of voices comprising the transition is included in the calculation. Note that only transitions from one set of pitches to another set of pitches comprising the same number of pitches as the first are included in this calculation, although a brief lookahead is performed in order to accommodate small rhythmic desynchronizations (e.g. if a MIDI file is a transcription of a human performance). Only unique pitches are included in this calculation (unisons are treated as a single pitch). All pitches present are considered, regardless of their MIDI channel or track; this has the advantage of accommodating polyphonic instruments such as piano or guitar, but the consequence is that this feature does not incorporate an awareness of voice crossing.</description>
      <is_sequential>true</is_sequential>
      <parallel_dimensions>1</parallel_dimensions>
   </feature>

   <feature>
      <name>Parallel Fifths</name>
      <description>Fraction of movements between voices that consist of parallel fifths (the fraction is calculated relative to the total amount of qualifying transitions, including all parallel, similar, contrary and oblique transitions). If more than two voices are involved in a given pitch transition, then each possible pair of voices comprising the transition is included in the calculation. Note that only transitions from one set of pitches to another set of pitches comprising the same number of pitches as the first are included in this calculation, although a brief lookahead is performed in order to accommodate small rhythmic desynchronizations (e.g. if a MIDI file is a transcription of a human performance). Only unique pitches are included in this calculation (unisons are treated as a single pitch). All pitches present are considered, regardless of their MIDI channel or track; this has the advantage of accommodating polyphonic instruments such as piano or guitar, but the consequence is that this feature does not incorporate an awareness of voice crossing.</description>
      <is_sequential>true</is_sequential>
      <parallel_dimensions>1</parallel_dimensions>
   </feature>

   <feature>
      <name>Parallel Octaves</name>
      <description>Fraction of movements between voices that consist of parallel octaves (the fraction is calculated relative to the total amount of qualifying transitions, including all parallel, similar, contrary and oblique transitions). If more than two voices are involved in a given pitch transition, then each possible pair of voices comprising the transition is included in the calculation. Note that only transitions from one set of pitches to another set of pitches comprising the same number of pitches as the first are included in this calculation, although a brief lookahead is performed in order to accommodate small rhythmic desynchronizations (e.g. if a MIDI file is a transcription of a human performance). Only unique pitches are included in this calculation (unisons are treated as a single pitch). All pitches present are considered, regardless of their MIDI channel or track; this has the advantage of accommodating polyphonic instruments such as piano or guitar, but the consequence is that this feature does not incorporate an awareness of voice crossing.</description>
      <is_sequential>true</is_sequential>
      <parallel_dimensions>1</parallel_dimensions>
   </feature>

</feature_key_file>